EVENT_ID,CZ_NAME_STR,BEGIN_LOCATION,BEGIN_DATE,BEGIN_TIME,EVENT_TYPE,MAGNITUDE,TOR_F_SCALE,DEATHS_DIRECT,INJURIES_DIRECT,DAMAGE_PROPERTY_NUM,DAMAGE_CROPS_NUM,AK,CZ_TIMEZONE,MAGNITUDE_TYPE,EPISODE_ID,CZ_TYPE,CZ_FIPS,WFO,INJURIES_INDIRECT,DEATHS_INDIRECT,SOURCE,FLOOD_CAUSE,TOR_LENGTH,TOR_WIDTH,BEGIN_RANGE,BEGIN_AZIMUTH,END_RANGE,END_AZIMUTH,END_LOCATION,END_DATE,END_TIME,BEGIN_LAT,BEGIN_LON,END_LAT,END_LON,ABSOLUTE_ROWNUMBER,,,
5178184,W SUMMIT T NW/SE SALT LAKE/WASATCH X SC/E UTAH/P X E JUAB/X NW SAN PETE (ZONE), ,1/11/2000,1000,Avalanche, , ,2,0,0,0,AK,MST, ,1105829,Z,8,SLC,0,0,PARK/FOREST SERVICE, , , , , , , , ,1/11/2000,1030, , , , ,1,,,
5126858,E KING/E PIERCE/E LEWIS (ZONE), ,1/16/2000,1330,Avalanche, , ,1,0,0,0,AK,PST, ,1090273,Z,18,SEW,0,0,NEWSPAPER, , , , , , , , ,1/16/2000,1330, , , , ,2,,,
5126859,C&E WHATCOM/E SKAGIT/E SNOHMISH (ZONE), ,1/19/2000,1200,Avalanche, , ,0,1,0,0,AK,PST, ,1090274,Z,17,SEW,0,0,NEWSPAPER, , , , , , , , ,1/19/2000,1200, , , , ,3,,,
5127676,UPPER SNAKE HIGHLANDS (ZONE), ,1/22/2000,1500,Avalanche, , ,0,1,1000,0,AK,MST, ,2414761,Z,19,PIH,0,0,NEWSPAPER, , , , , , , , ,1/22/2000,1500, , , , ,4,,,
5130840,GORE AND ELK MOUNTAINS/CENTRAL MOUNTAIN VALLEYS/ASPEN AND VICINITY / NE S EAGLE / PITKIN EXCEPT XNC / X NE MESA / SE GARFIELD (PART) (ZONE), ,1/24/2000,2100,Avalanche, , ,0,0,0,0,AK,MST, ,1090738,Z,10,GJT,0,0,BROADCAST MEDIA, , , , , , , , ,1/24/2000,2100, , , , ,5,,,
5130839,GORE AND ELK MOUNTAINS/CENTRAL MOUNTAIN VALLEYS/ASPEN AND VICINITY (ZONE), ,1/25/2000,1700,Avalanche, , ,1,0,0,0,AK,MST, ,1090737,Z,10,GJT,0,0,NEWSPAPER, , , , , , , , ,1/25/2000,1700, , , , ,6,,,
5127590,CENTRAL GULF COAST (ZONE), ,1/26/2000,950,Avalanche, , ,1,1,500000,0,AK,AST, ,1090322,Z,17,AFC,0,0,BROADCAST MEDIA, , , , , , , , ,1/26/2000,950, , , , ,7,,,
5132005,COOK INLET (ZONE), ,2/1/2000,0,Avalanche, , ,0,0,0,0,AK,AST, ,1091148,Z,15,AFC,0,0,EMERGENCY MANAGER, , , , , , , , ,2/8/2000,0, , , , ,8,,,
5132007,SUSITNA VALLEY (ZONE), ,2/1/2000,0,Avalanche, , ,0,0,0,0,AK,AST, ,1091148,Z,13,AFC,0,0,EMERGENCY MANAGER, , , , , , , , ,2/8/2000,0, , , , ,9,,,
5132006,CENTRAL GULF COAST (ZONE), ,2/1/2000,0,Avalanche, , ,0,0,0,0,AK,AST, ,1091148,Z,17,AFC,0,0,EMERGENCY MANAGER, , , , , , , , ,2/8/2000,0, , , , ,10,,,
5129814,COOK INLET (ZONE), ,2/1/2000,1300,Avalanche, , ,1,2,100000,0,AK,AST, ,1090334,Z,15,AFC,0,0,NEWSPAPER, , , , , , , , ,2/1/2000,1300, , , , ,11,,,
5132008,CENTRAL GULF COAST (ZONE), ,2/7/2000,0,Avalanche, , ,0,0,125000,0,AK,AST, ,1091149,Z,17,AFC,0,0,EMERGENCY MANAGER, , , , , , , , ,2/7/2000,2359, , , , ,12,,,
5178672,W SUMMIT T NW/SE SALT LAKE/WASATCH X SC/E UTAH/P X E JUAB/X NW SAN PETE (ZONE), ,2/12/2000,1400,Avalanche, , ,0,0,0,0,AK,MST, ,1105852,Z,8,SLC,0,0,GENERAL PUBLIC, , , , , , , , ,2/12/2000,1400, , , , ,13,,,
5133205,WESTERN ESSEX (ZONE), ,2/19/2000,1300,Avalanche, , ,1,5,0,0,AK,EST, ,1091807,Z,34,BTV,0,0,NEWSPAPER, , , , , , , , ,2/19/2000,1300, , , , ,14,,,
5178682,RICH/CACHE T NW/P E C WEBER/MOST OF MORGAN/NW SUMMIT/NE SALT LAKE/X NE BOX ELDER (ZONE), ,2/25/2000,1150,Avalanche, , ,0,2,0,0,AK,MST, ,1105856,Z,7,SLC,0,0,PARK/FOREST SERVICE, , , , , , , , ,2/25/2000,1200, , , , ,15,,,
5178683,RICH/CACHE T NW/P E C WEBER/MOST OF MORGAN/NW SUMMIT/NE SALT LAKE/X NE BOX ELDER (ZONE), ,2/27/2000,1200,Avalanche, , ,0,1,0,0,AK,MST, ,1105857,Z,7,SLC,0,0,PARK/FOREST SERVICE, , , , , , , , ,2/27/2000,1400, , , , ,16,,,
5132847,WESTERN ALASKA PENINSULA (ZONE), ,3/9/2000,0,Avalanche, , ,0,0,25000,0,AK,AST, ,1091138,Z,19,AFC,0,0,EMERGENCY MANAGER, , , , , , , , ,3/10/2000,2359, , , , ,17,,,
5137440,GORE AND ELK MOUNTAINS/CENTRAL MOUNTAIN VALLEYS (ZONE), ,3/17/2000,1215,Avalanche, , ,2,0,0,0,AK,MST, ,1092899,Z,10,GJT,0,0,PARK/FOREST SERVICE, , , , , , , , ,3/17/2000,1216, , , , ,18,,,
5135707,COPPER RIVER BASIN (ZONE), ,4/8/2000,1200,Avalanche, , ,1,0,2000,0,AK,AST, ,1092244,Z,14,AFC,0,0,NEWSPAPER, , , , , , , , ,4/9/2000,800, , , , ,19,,,
5135706,SUSITNA VALLEY (ZONE), ,4/8/2000,1622,Avalanche, , ,1,1,0,0,AK,AST, ,1092243,Z,13,AFC,0,0,NEWSPAPER, , , , , , , , ,4/8/2000,1622, , , , ,20,,,
5160990,COOK INLET (ZONE), ,11/11/2000,900,Avalanche, , ,0,1,0,0,AK,AST, ,1104139,Z,15,AFC,0,0,NEWSPAPER, , , , , , , , ,11/12/2000,1500, , , , ,21,,,
5165915,TETON/MOUTAINS (ZONE), ,12/1/2000,800,Avalanche, , ,1,0,0,0,AK,MST, ,1104913,Z,6,RIW,0,0,NEWSPAPER, , , , , , , , ,12/1/2000,800, , , , ,22,,,
5161158,SUSITNA VALLEY (ZONE), ,12/9/2000,1330,Avalanche, , ,1,0,2000,0,AK,AST, ,1104401,Z,145,AFC,0,0,FIRE DEPT/RESCUE SQUAD, , , , , , , , ,12/9/2000,1400, , , , ,23,,,
5165916,TETON/MOUTAINS / TETON EXCEPT N AND SC (ZONE), ,12/9/2000,1700,Avalanche, , ,1,0,0,0,AK,MST, ,1104914,Z,6,RIW,0,0,NEWSPAPER, , , , , , , , ,12/9/2000,1700, , , , ,24,,,
5178168,NE BOX ELDER T X NE/W WEBER/DAVIS (ZONE), ,12/14/2000,2000,Avalanche, , ,1,0,0,0,AK,MST, ,1105900,Z,2,SLC,0,0,LAW ENFORCEMENT, , , , , , , , ,12/14/2000,2015, , , , ,25,,,
5178434,W SUMMIT T NW/SE SALT LAKE/WASATCH X SC/E UTAH/P X E JUAB/X NW SAN PETE (ZONE), ,12/16/2000,1600,Avalanche, , ,0,1,0,0,AK,MST, ,1105903,Z,8,SLC,0,0,LAW ENFORCEMENT, , , , , , , , ,12/16/2000,1615, , , , ,26,,,
5165917,TETON/MOUTAINS / TETON EXCEPT N AND SC (ZONE), ,12/25/2000,1400,Avalanche, , ,1,0,0,0,AK,MST, ,1104915,Z,6,RIW,0,0,LAW ENFORCEMENT, , , , , , , , ,12/25/2000,1400, , , , ,27,,,
5178002,GALLATIN (ZONE), ,12/25/2000,1600,Avalanche, , ,0,1,0,0,AK,MST, ,1105803,Z,55,TFX,0,0,GOVT OFFICIAL, , , , , , , , ,12/25/2000,1600, , , , ,28,,,
5177825,WHEATLAND/PARK/SWEET GRASS (ZONE), ,12/31/2000,1600,Avalanche, , ,0,0,0,0,AK,MST, ,1105814,Z,28,BYZ,0,0,OTHER FEDERAL AGENCY, , , , , , , , ,12/31/2000,1600, , , , ,29,,,
5229181,WRN P.W. SND & KENAI MTNS (ZONE), ,1/1/2001,1500,Avalanche, , ,0,1,0,0,AK,AST, ,1110011,Z,125,AFC,0,0,NEWSPAPER, , , , , , , , ,1/1/2001,1600, , , , ,30,,,'
5229321,ANCHORAGE MUNI TO BIRD CREEK (ZONE), ,1/7/2001,0,Avalanche, , ,0,0,5000,0,AK,AST, ,1110019,Z,101,AFC,0,0,DEPT OF HIGHWAYS, , , , , , , , ,1/7/2001,2359, , , , ,21,,,
5229183,ANCHORAGE MUNI TO BIRD CREEK (ZONE), ,1/18/2001,1800,Avalanche, , ,0,0,5000,0,AK,AST, ,1110013,Z,101,AFC,0,0,NEWSPAPER, , , , , , , , ,1/19/2001,600, , , , ,32,,,
5229184,WRN P.W. SND & KENAI MTNS (ZONE), ,1/19/2001,1600,Avalanche, , ,0,0,10000,0,AK,AST, ,1110014,Z,125,AFC,0,0,NEWSPAPER, , , , , , , , ,1/19/2001,1930, , , , ,33,,,
5229185,ANCHORAGE MUNI TO BIRD CREEK (ZONE), ,1/23/2001,0,Avalanche, , ,0,0,5000,0,AK,AST, ,1110015,Z,101,AFC,0,0,NEWSPAPER, , , , , , , , ,1/23/2001,800, , , , ,34,,,
5228163,W OKANOGAN/C&W CHELAN (ZONE), ,1/29/2001,1530,Avalanche, , ,1,0,0,0,AK,PST, ,1110301,Z,42,OTX,0,0,NEWSPAPER, , , , , , , , ,1/29/2001,1530, , , , ,35,,,
5228507,MATANUSKA VALLEY (ZONE), ,2/3/2001,1100,Avalanche, , ,2,1,0,0,AK,AST, ,1110205,Z,111,AFC,0,0,NEWSPAPER, , , , , , , , ,2/3/2001,1300, , , , ,36,,,
5235037,TETON/MOUTAINS / TETON EXCEPT N AND SC (ZONE), ,2/6/2001,1700,Avalanche, , ,1,0,0,0,AK,MST, ,1111713,Z,6,RIW,0,0,NEWSPAPER, , , , , , , , ,2/6/2001,1700, , , , ,37,,,
5228513,MATANUSKA VALLEY (ZONE), ,2/11/2001,0,Avalanche, , ,0,0,10000,0,AK,AST, ,1110209,Z,111,AFC,0,0,NEWSPAPER, , , , , , , , ,2/12/2001,2359, , , , ,38,,,
5231767,W KITTITAS/W YAKIMA/W KLICKITAT T X SW (ZONE), ,2/17/2001,1620,Avalanche, , ,1,0,0,0,AK,PST, ,1111344,Z,25,PDT,0,0,NEWSPAPER, , , , , , , , ,2/17/2001,1620, , , , ,39,,,
5232651,WEST ELK AND SAWATCH MOUNTAINS (ZONE), ,2/18/2001,1600,Avalanche, , ,0,1,0,0,AK,MST, ,1111300,Z,12,GJT,0,0,NEWSPAPER, , , , , , , , ,2/18/2001,1600, , , , ,40,,,
5231998,GALLATIN (ZONE), ,2/19/2001,1600,Avalanche, , ,0,1,0,0,AK,MST, ,1111423,Z,55,TFX,0,0,PARK/FOREST SERVICE, , , , , , , , ,2/19/2001,1600, , , , ,41,,,
5232428,TETON/MOUTAINS / TETON EXCEPT N AND SC (ZONE), ,2/23/2001,1830,Avalanche, , ,1,0,0,0,AZ,MST, ,1111378,Z,6,RIW,0,0,NEWSPAPER, , , , , , , , ,2/23/2001,1830, , , , ,42,,,
5232752,WEST ELK AND SAWATCH MOUNTAINS (ZONE), ,2/25/2001,1400,Avalanche, , ,1,0,0,0,CA,MST, ,1111304,Z,12,GJT,0,0,GOVT OFFICIAL, , , , , , , , ,2/25/2001,1400, , , , ,43,,,
5276433,WASATCH MOUNTAINS SOUTH OF I80 (ZONE), ,2/27/2001,1300,Avalanche, , ,1,0,0,0,CA,MST, ,1125810,Z,8,SLC,0,0,PARK/FOREST SERVICE, , , , , , , , ,2/27/2001,1300, , , , ,44,,,
5238846,MONO (ZONE), ,3/5/2001,755,Avalanche, , ,0,0,0,0,CA,PST, ,1112421,Z,73,REV,0,0,TRAINED SPOTTER, , , , , , , , ,3/5/2001,755, , , , ,45,,,
5275195,WESTERN UNITA MOUNTAINS (ZONE), ,3/10/2001,1300,Avalanche, , ,2,0,0,0,CA,MST, ,1125813,Z,9,SLC,0,0,BROADCAST MEDIA, , , , , , , , ,3/10/2001,1300, , , , ,46,,,
5237375,ELKHEAD AND PARK MOUNTAINS (ZONE), ,3/18/2001,1330,Avalanche, , ,1,0,0,0,CA,MST, ,1112545,Z,4,GJT,0,0,DEPT OF HIGHWAYS, , , , , , , , ,3/18/2001,1331, , , , ,47,,,
5230458,COPPER RIVER BASIN (ZONE), ,3/18/2001,1500,Avalanche, , ,1,1,0,0,CA,AST, ,1110934,Z,141,AFC,0,0,NEWSPAPER, , , , , , , , ,3/18/2001,1600, , , , ,48,,,
5275515,P NC WEBER/P C MORGAN/P W C SUMMIT/P SC WASATCH (ZONE), ,4/28/2001,1400,Avalanche, , ,2,0,0,0,CA,MST, ,1125860,Z,6,SLC,0,0,FIRE DEPT/RESCUE SQUAD, , , , , , , , ,4/28/2001,1400, , , , ,49,,,
5269323,MATANUSKA VALLEY (ZONE), ,11/11/2001,1500,Avalanche, , ,1,0,0,0,CA,AST, ,1123637,Z,111,AFC,0,0,NEWSPAPER, , , , , , , , ,11/11/2001,1500, , , , ,50,,,
5273916,NORTHERN LYNN CANAL (ZONE), ,12/7/2001,800,Avalanche, , ,0,0,4000,0,CA,AST, ,1125047,Z,24,AJK,0,0,DEPT OF HIGHWAYS, , , , , , , , ,12/8/2001,1600, , , , ,51,,,
5273342,SERN P.W. SND (ZONE), ,12/12/2001,0,Avalanche, , ,1,1,0,0,CO,AST, ,1124645,Z,135,AFC,0,0,NEWSPAPER, , , , , , , , ,12/12/2001,2359, , , , ,52,,,
5273983,NORTHERN LYNN CANAL (ZONE), ,12/22/2001,0,Avalanche, , ,0,0,4000,0,CO,AST, ,1125054,Z,24,AJK,0,0,DEPT OF HIGHWAYS, , , , , , , , ,12/23/2001,1600, , , , ,53,,,
5273345,KENAI PENINSULA (ZONE), ,12/23/2001,1300,Avalanche, , ,1,0,500,0,CO,AST, ,1124647,Z,121,AFC,0,0,NEWSPAPER, , , , , , , , ,12/23/2001,1600, , , , ,54,,,
5272060,SUSITNA VALLEY (ZONE), ,12/24/2001,1200,Avalanche, , ,1,0,500,0,CO,AST, ,1124648,Z,145,AFC,0,0,NEWSPAPER, , , , , , , , ,12/24/2001,1800, , , , ,55,,,
5324152,W SUMMIT T NW/SE SALT LAKE/WASATCH X SC/E UTAH/P X E JUAB/X NW SAN PETE (ZONE), ,1/7/2002,1200,Avalanche, , ,0,0,0,0,CO,MST, ,2151792,Z,8,SLC,0,0,PARK/FOREST SERVICE, , , , , , , , ,1/7/2002,1300, , , , ,56,,,
5277117,COPPER RIVER BASIN (ZONE), ,1/12/2002,1200,Avalanche, , ,2,1,6000,0,CO,AST, ,1130013,Z,141,AFC,0,0,NEWSPAPER, , , , , , , , ,1/12/2002,2000, , , , ,57,,,
5324226,C E SUMMIT/X NE WASATCH/N DUCHESNE (ZONE), ,1/31/2002,1400,Avalanche, , ,1,0,0,0,CO,MST, ,2151798,Z,9,SLC,0,0,FIRE DEPT/RESCUE SQUAD, , , , , , , , ,1/31/2002,1400, , , , ,58,,,
5283800,GORE AND ELK MOUNTAINS/CENTRAL MOUNTAIN VALLEYS (ZONE), ,2/1/2002,1500,Avalanche, , ,1,0,0,0,CO,MST, ,1131136,Z,10,GJT,0,0,NEWSPAPER, , , , , , , , ,2/1/2002,1500, , , , ,59,,,
5283801,WEST ELK AND SAWATCH MOUNTAINS (ZONE), ,2/6/2002,1600,Avalanche, , ,1,0,0,0,CO,MST, ,1131137,Z,12,GJT,0,0,NEWSPAPER, , , , , , , , ,2/6/2002,1600, , , , ,60,,,
5281692,JUNEAU BOROUGH-EASTERN CHICHAGOF-ADMIRALTY ISLAND (ZONE), ,2/14/2002,30,Avalanche, , ,0,0,5000,0,CO,AST, ,1131477,Z,25,AJK,0,0,BROADCAST MEDIA, , , , , , , , ,2/14/2002,35, , , , ,61,,,
5282128,NORTHWESTERN SAN JUAN MOUNTAINS (ZONE), ,2/21/2002,0,Avalanche, , ,0,0,0,0,CO,MST, ,1131146,Z,18,GJT,0,0,NEWSPAPER, , , , , , , , ,2/22/2002,1800, , , , ,62,,,
5282129,SOUTHWESTERN SAN JUAN MOUNTAINS (ZONE), ,2/21/2002,0,Avalanche, , ,0,0,0,0,CO,MST, ,1131146,Z,19,GJT,0,0,NEWSPAPER, , , , , , , , ,2/22/2002,1800, , , , ,63,,,
5282868,E KING/E PIERCE/E LEWIS (ZONE), ,2/22/2002,1545,Avalanche, , ,0,4,0,0,CO,PST, ,1131067,Z,18,SEW,0,0,NEWSPAPER, , , , , , , , ,2/22/2002,1545, , , , ,64,,,
5282124,GRAND AND BATTLEMENT MESAS (ZONE), ,2/24/2002,1430,Avalanche, , ,1,0,0,0,CO,MST, ,1131144,Z,9,GJT,0,0,NEWSPAPER, , , , , , , , ,2/24/2002,1430, , , , ,65,,,
5281707,UPPER SNAKE HIGHLANDS (ZONE), ,3/12/2002,1500,Avalanche, , ,1,0,0,0,CO,MST, ,1131484,Z,19,PIH,0,0,NWS EMPLOYEE(OFF DUTY), , , , , , , , ,3/12/2002,1530, , , , ,66,,,
5324350,W SUMMIT T NW/SE SALT LAKE/WASATCH X SC/E UTAH/P X E JUAB/X NW SAN PETE (ZONE), ,3/14/2002,800,Avalanche, , ,0,0,20000,0,CO,MST, ,2151816,Z,8,SLC,0,0,PARK/FOREST SERVICE, , , , , , , , ,3/14/2002,800, , , , ,67,,,
5285063,GORE AND ELK MOUNTAINS/CENTRAL MOUNTAIN VALLEYS (ZONE), ,3/14/2002,1455,Avalanche, , ,1,2,0,0,CO,MST, ,1132366,Z,10,GJT,0,0,NEWSPAPER, , , , , , , , ,3/14/2002,1500, , , , ,68,,,
5285062,GORE AND ELK MOUNTAINS/CENTRAL MOUNTAIN VALLEYS (ZONE), ,3/14/2002,1455,Avalanche, , ,1,0,0,0,CO,MST, ,1132365,Z,10,GJT,0,0,NEWSPAPER, , , , , , , , ,3/14/2002,1500, , , , ,69,,,
5285064,NORTHWESTERN SAN JUAN MOUNTAINS (ZONE), ,3/15/2002,1315,Avalanche, , ,1,1,0,0,CO,MST, ,1132367,Z,18,GJT,0,0,NEWSPAPER, , , , , , , , ,3/15/2002,1320, , , , ,70,,,
5324351,W SUMMIT T NW/SE SALT LAKE/WASATCH X SC/E UTAH/P X E JUAB/X NW SAN PETE (ZONE), ,3/16/2002,1245,Avalanche, , ,2,0,0,0,CO,MST, ,2151817,Z,8,SLC,0,0,FIRE DEPT/RESCUE SQUAD, , , , , , , , ,3/16/2002,1250, , , , ,71,,,
5284924,FLATTOP MOUNTAINS (ZONE), ,3/17/2002,1330,Avalanche, , ,1,0,0,0,CO,MST, ,1132358,Z,13,GJT,0,0,NEWSPAPER, , , , , , , , ,3/17/2002,1335, , , , ,72,,,
5286715,W KITTITAS/W YAKIMA/W KLICKITAT T X SW (ZONE), ,3/18/2002,1815,Avalanche, , ,0,0,0,0,CO,PST, ,1132116,Z,25,PDT,0,0,NEWSPAPER, , , , , , , , ,3/18/2002,1815, , , , ,73,,,
5281706,UPPER SNAKE HIGHLANDS (ZONE), ,3/22/2002,1430,Avalanche, , ,1,0,0,0,CO,MST, ,1131483,Z,19,PIH,0,0,NEWSPAPER, , , , , , , , ,3/22/2002,1500, , , , ,74,,,
5283035,ANCHORAGE MUNI TO BIRD CREEK (ZONE), ,3/28/2002,1715,Avalanche, , ,0,1,0,0,CO,AST, ,1130980,Z,101,AFC,0,0,NEWSPAPER, , , , , , , , ,3/28/2002,1715, , , , ,75,,,
5285189,SOUTHWESTERN SAN JUAN MOUNTAINS (ZONE), ,3/31/2002,1030,Avalanche, , ,0,0,500,0,CO,MST, ,1132368,Z,19,GJT,0,0,NEWSPAPER, , , , , , , , ,3/31/2002,1035, , , , ,76,,,
5285387,ANCHORAGE MUNI TO BIRD CREEK (ZONE), ,4/1/2002,900,Avalanche, , ,2,0,0,0,CO,AST, ,1132382,Z,101,AFC,0,0,NEWSPAPER, , , , , , , , ,4/1/2002,2100, , , , ,77,,,
5289463,NORTHWESTERN SAN JUAN MOUNTAINS (ZONE), ,4/5/2002,1815,Avalanche, , ,0,0,0,0,CO,MST, ,1132815,Z,18,GJT,0,0,NEWSPAPER, , , , , , , , ,4/5/2002,1820, , , , ,78,,,
5285460,MATANUSKA VALLEY (ZONE), ,4/20/2002,0,Avalanche, , ,0,0,0,0,CO,AST, ,1132390,Z,111,AFC,0,0,NEWSPAPER, , , , , , , , ,4/20/2002,2359, , , , ,79,,,
5325386,GREATER LAKE TAHOE AREA (ZONE), ,12/15/2002,1500,Avalanche, , ,1,1,0,0,CO,PST, ,1146461,Z,2,REV,0,0,NEWSPAPER, , , , , , , , ,12/15/2002,1500, , , , ,80,,,
5325520,W KITTITAS/W YAKIMA/W KLICKITAT T X SW (ZONE), ,12/29/2002,1330,Avalanche, , ,1,1,0,0,CO,PST, ,1146164,Z,25,PDT,0,0,NEWSPAPER, , , , , , , , ,12/29/2002,1330, , , , ,81,,,
5339851,SUSITNA VALLEY (ZONE), ,2/6/2003,1000,Avalanche, , ,0,0,10000,0,CO,AST, ,1146563,Z,145,AFC,0,0,NWS EMPLOYEE(OFF DUTY), , , , , , , , ,2/6/2003,1300, , , , ,82,,,
5339379,MATANUSKA VALLEY (ZONE), ,2/9/2003,1300,Avalanche, , ,1,1,0,0,CO,AST, ,1146560,Z,111,AFC,0,0,NEWSPAPER, , , , , , , , ,2/9/2003,1300, , , , ,83,,,
5327978,W SUMMIT T NW/SE SALT LAKE/WASATCH X SC/E UTAH/P X E JUAB/X NW SAN PETE (ZONE), ,2/15/2003,1730,Avalanche, , ,1,0,0,0,CO,MST, ,2151965,Z,8,SLC,0,0,FIRE DEPT/RESCUE SQUAD, , , , , , , , ,2/15/2003,1730, , , , ,84,,,
5342413,NORTHERN PANHANDLE (ZONE), ,2/22/2003,1130,Avalanche, , ,2,3,0,0,CO,PST, ,1147612,Z,1,OTX,0,0,NEWSPAPER, , , , , , , , ,2/22/2003,1300, , , , ,85,,,
5345594,PARK (ZONE), ,3/9/2003,0,Avalanche, , ,0,0,0,0,CO,MST, ,1148340,Z,40,BYZ,0,0,PARK/FOREST SERVICE, , , , , , , , ,3/9/2003,0, , , , ,86,,,
5346813,WEST GLACIER REGION (ZONE), ,3/12/2003,655,Avalanche, , ,0,0,0,0,CO,MST, ,1148597,Z,2,MSO,0,0,PARK/FOREST SERVICE, , , , , , , , ,3/13/2003,655, , , , ,87,,,
5348974,SOUTHWESTERN SAN JUAN MOUNTAINS (ZONE), ,3/22/2003,1300,Avalanche, , ,1,0,5000,0,CO,MST, ,1149158,Z,19,GJT,0,0,DEPT OF HIGHWAYS, , , , , , , , ,3/22/2003,1305, , , , ,88,,,
5348975,NORTHWESTERN SAN JUAN MOUNTAINS (ZONE), ,3/23/2003,1400,Avalanche, , ,0,1,0,0,CO,MST, ,1149159,Z,18,GJT,0,0,DEPT OF HIGHWAYS, , , , , , , , ,3/23/2003,1405, , , , ,89,,,
5330809,C&E WHATCOM/E SKAGIT/E SNOHMISH (ZONE), ,12/12/2003,1100,Avalanche, , ,1,2,0,0,CO,PST, ,1164769,Z,17,SEW,0,0,NEWSPAPER, , , , , , , , ,12/12/2003,1100, , , , ,90,,,
5330810,WEST SLOPES CENTRAL CASCADES AND PASSES (ZONE), ,12/13/2003,1130,Avalanche, , ,1,0,0,0,CO,PST, ,1164770,Z,18,SEW,0,0,NEWSPAPER, , , , , , , , ,12/13/2003,1130, , , , ,91,,,
5327460,W SUMMIT T NW/SE SALT LAKE/WASATCH X SC/E UTAH/P X E JUAB/X NW SAN PETE (ZONE), ,12/26/2003,1500,Avalanche, , ,3,0,0,0,CO,MST, ,2152055,Z,8,SLC,0,0,BROADCAST MEDIA, , , , , , , , ,12/26/2003,1600, , , , ,92,,,
5382960,CAMAS PRAIRIE (ZONE), ,1/2/2004,100,Avalanche, , ,2,2,0,0,CO,MST, ,1165852,Z,28,BOI,0,0,NEWSPAPER, , , , , , , , ,1/2/2004,200, , , , ,93,,,
5380349,WEST GLACIER REGION (ZONE), ,1/28/2004,800,Avalanche, , ,0,0,0,0,CO,MST, ,1165425,Z,2,MSO,0,0,PARK/FOREST SERVICE, , , , , , , , ,1/29/2004,800, , , , ,94,,,
5388070,GRAND AND BATTLEMENT MESAS (ZONE), ,2/4/2004,1755,Avalanche, , ,0,0,5000,0,CO,MST, ,1166677,Z,9,GJT,0,0,DEPT OF HIGHWAYS, , , , , , , , ,2/4/2004,1755, , , , ,95,,,
5389300,NORTHWESTERN SAN JUAN MOUNTAINS (ZONE), ,2/21/2004,1745,Avalanche, , ,0,1,0,0,CO,MST, ,1167360,Z,18,GJT,0,0,GOVT OFFICIAL, , , , , , , , ,2/21/2004,1815, , , , ,96,,,
5388071,NORTHWESTERN SAN JUAN MOUNTAINS (ZONE), ,2/22/2004,300,Avalanche, , ,0,0,0,0,CO,MST, ,1166678,Z,18,GJT,0,0,DEPT OF HIGHWAYS, , , , , , , , ,2/22/2004,300, , , , ,97,,,
5388072,SOUTHWESTERN SAN JUAN MOUNTAINS (ZONE), ,2/22/2004,300,Avalanche, , ,0,0,0,0,CO,MST, ,1166678,Z,19,GJT,0,0,DEPT OF HIGHWAYS, , , , , , , , ,2/22/2004,300, , , , ,98,,,
5385225,BIG AND LITTLE WOOD RIVER REGION (ZONE), ,2/28/2004,1645,Avalanche, , ,1,0,0,0,CO,MST, ,1166043,Z,31,PIH,0,0,GOVT OFFICIAL, , , , , , , , ,2/28/2004,1715, , , , ,99,,,
5381577,WRN P.W. SND & KENAI MTNS (ZONE), ,2/28/2004,1800,Avalanche, , ,1,0,0,0,CO,AST, ,1165370,Z,125,AFC,0,0,BROADCAST MEDIA, , , , , , , , ,2/28/2004,1800, , , , ,100,,,
5388073,NORTHWESTERN SAN JUAN MOUNTAINS (ZONE), ,2/29/2004,1200,Avalanche, , ,0,0,0,0,CO,MST, ,1166679,Z,18,GJT,0,0,DEPT OF HIGHWAYS, , , , , , , , ,2/29/2004,1200, , , , ,101,,,
5388074,SOUTHWESTERN SAN JUAN MOUNTAINS (ZONE), ,2/29/2004,1200,Avalanche, , ,0,0,0,0,CO,MST, ,1166679,Z,19,GJT,0,0,DEPT OF HIGHWAYS, , , , , , , , ,2/29/2004,1200, , , , ,102,,,
5388075,NORTHWESTERN SAN JUAN MOUNTAINS (ZONE), ,2/29/2004,1930,Avalanche, , ,0,0,0,0,CO,MST, ,1166680,Z,18,GJT,0,0,DEPT OF HIGHWAYS, , , , , , , , ,2/29/2004,1930, , , , ,103,,,
5393397,SAN DIEGO COUNTY VALLEYS (ZONE), ,3/2/2004,1648,Avalanche, , ,0,0,75000,0,CO,PST, ,1168733,Z,50,SGX,0,0,LAW ENFORCEMENT, , , , , , , , ,3/2/2004,1716, , , , ,104,,,
5393400,P SW SAN BERNARDINO (ZONE), ,3/3/2004,2257,Avalanche, , ,0,0,10000,0,CO,PST, ,1168733,Z,55,SGX,0,0,LAW ENFORCEMENT, , , , , , , , ,3/3/2004,2257, , , , ,105,,,
5390129,BOUNDARY/BONNER/ X NW KOOTENAI (ZONE), ,3/10/2004,1000,Avalanche, , ,1,0,0,0,CO,PST, ,1167108,Z,1,OTX,0,0,NEWSPAPER, , , , , , , , ,3/10/2004,1000, , , , ,106,,,
5388760,EASTERN SAWATCH MOUNTAINS ABOVE 11000 FT (ZONE), ,3/20/2004,1430,Avalanche, , ,1,1,0,0,CO,MST, ,1167143,Z,60,PUB,0,0,NWS EMPLOYEE(OFF DUTY), , , , , , , , ,3/20/2004,1430, , , , ,107,,,
5391301,EASTERN SAWATCH MOUNTAINS ABOVE 11000 FT (ZONE), ,4/9/2004,1459,Avalanche, , ,1,0,0,0,CO,MST, ,1167860,Z,60,PUB,0,0,NEWSPAPER, , , , , , , , ,4/9/2004,1501, , , , ,108,,,
5387273,NE. SLOPES OF THE ERN AK RNG (ZONE), ,4/10/2004,1415,Avalanche, , ,1,0,0,0,CO,AST, ,1166872,Z,226,AFG,0,0,NEWSPAPER, , , , , , , , ,4/10/2004,1430, , , , ,109,,,
5424809,WEST ELK AND SAWATCH MOUNTAINS (ZONE), ,10/23/2004,1100,Avalanche, , ,0,1,0,0,CO,MST, ,1181134,Z,12,GJT,0,0,OTHER FEDERAL AGENCY, , , , , , , , ,10/23/2004,1102, , , , ,110,,,
5425638,NORTHWESTERN SAN JUAN MOUNTAINS (ZONE), ,11/21/2004,1100,Avalanche, , ,0,1,0,0,CO,MST, ,1182200,Z,18,GJT,0,0,GOVT OFFICIAL, , , , , , , , ,11/21/2004,1105, , , , ,111,,,
5431617,W SUMMIT T NW/SE SALT LAKE/WASATCH X SC/E UTAH/P X E JUAB/X NW SAN PETE (ZONE), ,12/10/2004,1300,Avalanche, , ,1,0,0,0,CO,MST, ,1183517,Z,8,SLC,0,0,PARK/FOREST SERVICE, , , , , , , , ,12/10/2004,1330, , , , ,112,,,
5431618,W SUMMIT T NW/SE SALT LAKE/WASATCH X SC/E UTAH/P X E JUAB/X NW SAN PETE (ZONE), ,12/11/2004,1130,Avalanche, , ,1,0,0,0,CO,MST, ,1183517,Z,8,SLC,0,0,PARK/FOREST SERVICE, , , , , , , , ,12/11/2004,1200, , , , ,113,,,
5431619,W SUMMIT T NW/SE SALT LAKE/WASATCH X SC/E UTAH/P X E JUAB/X NW SAN PETE (ZONE), ,12/11/2004,1600,Avalanche, , ,1,0,0,0,CO,MST, ,1183517,Z,8,SLC,0,0,PARK/FOREST SERVICE, , , , , , , , ,12/11/2004,1700, , , , ,114,,,
5431620,W SUMMIT T NW/SE SALT LAKE/WASATCH X SC/E UTAH/P X E JUAB/X NW SAN PETE (ZONE), ,12/11/2004,1600,Avalanche, , ,1,0,0,0,CO,MST, ,1183517,Z,8,SLC,0,0,PARK/FOREST SERVICE, , , , , , , , ,12/11/2004,1700, , , , ,115,,,
5432509,DENALI (ZONE), ,12/23/2004,1400,Avalanche, , ,0,0,0,0,CO,AST, ,1183026,Z,225,AFG,0,0,DEPT OF HIGHWAYS, , , , , , , , ,12/23/2004,1415, , , , ,116,,,
5441297,NE BOX ELDER T X NE/W WEBER/DAVIS (ZONE), ,1/1/2005,945,Avalanche, , ,0,1,0,0,CO,MST, ,1185405,Z,2,SLC,0,0,BROADCAST MEDIA, , , , , , , , ,1/1/2005,1000, , , , ,117,,,
5436060,ELKHEAD AND PARK MOUNTAINS (ZONE), ,1/3/2005,1155,Avalanche, , ,1,0,0,0,CO,MST, ,1184310,Z,4,GJT,0,0,GOVT OFFICIAL, , , , , , , , ,1/3/2005,1200, , , , ,118,,,
5436063,NORTHWESTERN SAN JUAN MOUNTAINS (ZONE), ,1/4/2005,200,Avalanche, , ,0,0,0,0,CO,MST, ,1184312,Z,18,GJT,0,0,GOVT OFFICIAL, , , , , , , , ,1/5/2005,2100, , , , ,119,,,
5436064,SOUTHWESTERN SAN JUAN MOUNTAINS (ZONE), ,1/4/2005,200,Avalanche, , ,0,0,0,0,CO,MST, ,1184312,Z,19,GJT,0,0,GOVT OFFICIAL, , , , , , , , ,1/5/2005,2100, , , , ,120,,,
5436062,SOUTHWESTERN SAN JUAN MOUNTAINS (ZONE), ,1/6/2005,1800,Avalanche, , ,0,0,0,0,CO,MST, ,1184311,Z,19,GJT,0,0,GOVT OFFICIAL, , , , , , , , ,1/12/2005,500, , , , ,121,,,
5436061,NORTHWESTERN SAN JUAN MOUNTAINS (ZONE), ,1/6/2005,1800,Avalanche, , ,0,0,200000,0,CO,MST, ,1184311,Z,18,GJT,0,0,GOVT OFFICIAL, , , , , , , , ,1/12/2005,500, , , , ,122,,,
5441398,X NW KANE/XS XE IRON/N W WASHINGTON/NW WC GARFIELD/PIUTE/W WAYNE/SEVIER T C/X E MILLARD/S SANPETE T SC/X SE JUAB/P X NW EMERY/X E BEAVER (ZONE), ,1/8/2005,900,Avalanche, , ,2,0,0,0,CO,MST, ,1185407,Z,17,SLC,0,0,PARK/FOREST SERVICE, , , , , , , , ,1/8/2005,930, , , , ,123,,,
5435141,E KING/E PIERCE/E LEWIS (ZONE), ,1/12/2005,1330,Avalanche, , ,1,1,0,0,CO,PST, ,1183877,Z,18,SEW,0,0,NEWSPAPER, , , , , , , , ,1/12/2005,1330, , , , ,124,,,
5441285,SOUTHWESTERN SAN JUAN MOUNTAINS (ZONE), ,2/8/2005,1000,Avalanche, , ,0,0,0,0,CO,MST, ,1185397,Z,19,GJT,0,0,GOVT OFFICIAL, , , , , , , , ,2/8/2005,1001, , , , ,125,,,
5441284,SOUTHWESTERN SAN JUAN MOUNTAINS (ZONE), ,2/8/2005,1025,Avalanche, , ,0,0,0,0,CO,MST, ,1185396,Z,19,GJT,0,0,GOVT OFFICIAL, , , , , , , , ,2/8/2005,1026, , , , ,126,,,
5468168,WESTERN MOGOLLON RIM (ZONE), ,2/10/2005,300,Avalanche, , ,0,0,0,0,CO,MST, ,1195461,Z,15,FGZ,0,0,PARK/FOREST SERVICE, , , , , , , , ,2/10/2005,300, , , , ,127,,,
5441283,NORTHWESTERN SAN JUAN MOUNTAINS (ZONE), ,2/13/2005,1000,Avalanche, , ,0,1,0,0,CO,MST, ,1185395,Z,18,GJT,0,0,NEWSPAPER, , , , , , , , ,2/13/2005,1002, , , , ,128,,,
5441282,LA SAL & ABAJO MOUNTAINS (ZONE), ,2/13/2005,1200,Avalanche, , ,0,0,0,0,CO,MST, ,1185394,Z,28,GJT,0,0,LAW ENFORCEMENT, , , , , , , , ,2/13/2005,1202, , , , ,129,,,
5441281,SOUTHWESTERN SAN JUAN MOUNTAINS (ZONE), ,2/13/2005,1300,Avalanche, , ,0,1,0,0,CO,MST, ,1185393,Z,19,GJT,0,0,GOVT OFFICIAL, , , , , , , , ,2/13/2005,1302, , , , ,130,,,
5441279,SOUTHWESTERN SAN JUAN MOUNTAINS (ZONE), ,2/19/2005,1030,Avalanche, , ,0,0,0,0,CO,MST, ,1185391,Z,19,GJT,0,0,GOVT OFFICIAL, , , , , , , , ,2/19/2005,1032, , , , ,131,,,
5441280,SOUTHWESTERN SAN JUAN MOUNTAINS (ZONE), ,2/20/2005,1330,Avalanche, , ,0,0,0,0,CO,MST, ,1185392,Z,19,GJT,0,0,GOVT OFFICIAL, , , , , , , , ,2/20/2005,1331, , , , ,132,,,
5445472,GORE AND ELK MOUNTAINS/CENTRAL MOUNTAIN VALLEYS (ZONE), ,3/6/2005,1444,Avalanche, , ,1,0,0,0,CO,MST, ,1186386,Z,10,GJT,0,0,GOVT OFFICIAL, , , , , , , , ,3/6/2005,1446, , , , ,133,,,
5445471,NORTHWESTERN SAN JUAN MOUNTAINS (ZONE), ,3/21/2005,1000,Avalanche, , ,0,0,0,0,CO,MST, ,1186385,Z,18,GJT,0,0,GENERAL PUBLIC, , , , , , , , ,3/21/2005,1030, , , , ,134,,,
5445475,NORTHWESTERN SAN JUAN MOUNTAINS (ZONE), ,3/21/2005,1019,Avalanche, , ,0,0,0,0,CO,MST, ,1186388,Z,18,GJT,0,0,GOVT OFFICIAL, , , , , , , , ,3/21/2005,1102, , , , ,135,,,
5445476,SOUTHWESTERN SAN JUAN MOUNTAINS (ZONE), ,3/21/2005,1019,Avalanche, , ,0,0,0,0,CO,MST, ,1186388,Z,19,GJT,0,0,GOVT OFFICIAL, , , , , , , , ,3/21/2005,1102, , , , ,136,,,
5490279,S & SE GRAND / W CENTRAL & SW BOULDER / GILPIN / CLEAR CREEK / SUMMIT / N & W PARK COUNTIES ABOVE 9000 FEET (ZONE), ,3/24/2005,1220,Avalanche, , ,1,1,0,0,CO,MST, ,1204966,Z,34,BOU,0,0,GOVT OFFICIAL, , , , , , , , ,3/24/2005,1220, , , , ,137,,,
5443236,WASATCH MOUNTAINS SOUTH OF I80 (ZONE), ,3/24/2005,1515,Avalanche, , ,0,3,0,0,CO,MST, ,1187225,Z,8,SLC,0,0,BROADCAST MEDIA, , , , , , , , ,3/24/2005,1615, , , , ,138,,,
5443237,WASATCH MOUNTAINS SOUTH OF I80 (ZONE), ,3/24/2005,1645,Avalanche, , ,0,3,0,0,CO,MST, ,1187225,Z,8,SLC,0,0,BROADCAST MEDIA, , , , , , , , ,3/24/2005,1745, , , , ,139,,,
5490278,S & SE GRAND / W CENTRAL & SW BOULDER / GILPIN / CLEAR CREEK / SUMMIT / N & W PARK COUNTIES ABOVE 9000 FEET (ZONE), ,3/27/2005,1300,Avalanche, , ,0,2,0,0,CO,MST, ,1204965,Z,34,BOU,0,0,GOVT OFFICIAL, , , , , , , , ,3/27/2005,1300, , , , ,140,,,
5445473,NORTHWESTERN SAN JUAN MOUNTAINS (ZONE), ,3/30/2005,1300,Avalanche, , ,0,0,0,0,CO,MST, ,1186387,Z,18,GJT,0,0,GOVT OFFICIAL, , , , , , , , ,3/31/2005,1754, , , , ,141,,,
5445474,SOUTHWESTERN SAN JUAN MOUNTAINS (ZONE), ,3/30/2005,1300,Avalanche, , ,0,0,0,0,CO,MST, ,1186387,Z,19,GJT,0,0,GOVT OFFICIAL, , , , , , , , ,3/31/2005,1754, , , , ,142,,,
5443249,W UTAH T X NW/P X E JUAB (ZONE), ,3/30/2005,1630,Avalanche, , ,0,0,0,0,CO,MST, ,1187228,Z,4,SLC,0,0,LAW ENFORCEMENT, , , , , , , , ,3/30/2005,1645, , , , ,143,,,
5448566,GRAND AND BATTLEMENT MESAS (ZONE), ,4/1/2005,1050,Avalanche, , ,1,0,0,0,CO,MST, ,1187918,Z,9,GJT,0,0,GOVT OFFICIAL, , , , , , , , ,4/1/2005,1052, , , , ,144,,,
5448448,SOUTHWESTERN SAN JUAN MOUNTAINS (ZONE), ,4/15/2005,1600,Avalanche, , ,0,0,0,0,CO,MST, ,1187910,Z,19,GJT,0,0,NEWSPAPER, , , , , , , , ,4/15/2005,1800, , , , ,145,,,
5448449,SOUTHWESTERN SAN JUAN MOUNTAINS (ZONE), ,4/16/2005,1408,Avalanche, , ,0,0,0,0,CO,MST, ,1187911,Z,19,GJT,0,0,GOVT OFFICIAL, , , , , , , , ,4/16/2005,1413, , , , ,146,,,
5448450,SOUTHWESTERN SAN JUAN MOUNTAINS (ZONE), ,4/28/2005,900,Avalanche, , ,0,0,0,0,CO,MST, ,1187912,Z,19,GJT,0,0,GENERAL PUBLIC, , , , , , , , ,4/28/2005,902, , , , ,147,,,
5490277,S & SE GRAND / W CENTRAL & SW BOULDER / GILPIN / CLEAR CREEK / SUMMIT / N & W PARK COUNTIES ABOVE 9000 FEET (ZONE), ,5/18/2005,1300,Avalanche, , ,0,1,0,0,CO,MST, ,1204964,Z,34,BOU,0,0,GOVT OFFICIAL, , , , , , , , ,5/18/2005,1300, , , , ,148,,,
5490276,S & SE GRAND / W CENTRAL & SW BOULDER / GILPIN / CLEAR CREEK / SUMMIT / N & W PARK COUNTIES ABOVE 9000 FEET (ZONE), ,5/20/2005,1030,Avalanche, , ,1,0,0,0,CO,MST, ,1204963,Z,34,BOU,0,0,GOVT OFFICIAL, , , , , , , , ,5/20/2005,1030, , , , ,149,,,
5451687,CENTRAL OREGON (ZONE), ,5/22/2005,1230,Avalanche, , ,0,2,0,0,CO,PST, ,1190447,Z,43,PDT,0,0,NEWSPAPER, , , , , , , , ,5/22/2005,1230, , , , ,150,,,
5490158,S & E JACKSON / LARIMER / N & NE GRAND / NW BOULDER COUNTIES ABOVE 9000 FEET (ZONE), ,11/6/2005,1030,Avalanche, , ,1,0,0,0,CO,MST, ,1204962,Z,33,BOU,0,0,GOVT OFFICIAL, , , , , , , , ,11/6/2005,1030, , , , ,151,,,
5480671,NORTHWESTERN SAN JUAN MOUNTAINS (ZONE), ,11/16/2005,1200,Avalanche, , ,0,0,0,0,CO,MST, ,1201656,Z,18,GJT,0,0,GOVT OFFICIAL, , , , , , , , ,11/16/2005,1202, , , , ,152,,,
5485863,NORTHWESTERN SAN JUAN MOUNTAINS (ZONE), ,12/18/2005,1940,Avalanche, , ,0,0,0,0,CO,MST, ,1201678,Z,18,GJT,0,0,GOVT OFFICIAL, , , , , , , , ,12/19/2005,520, , , , ,153,,,
5485864,SOUTHWESTERN SAN JUAN MOUNTAINS (ZONE), ,12/18/2005,1940,Avalanche, , ,0,0,0,0,CO,MST, ,1201678,Z,19,GJT,0,0,GOVT OFFICIAL, , , , , , , , ,12/19/2005,520, , , , ,154,,,
5485862,NORTHWESTERN SAN JUAN MOUNTAINS (ZONE), ,12/20/2005,1700,Avalanche, , ,0,0,0,0,CO,MST, ,1201677,Z,18,GJT,0,0,GOVT OFFICIAL, , , , , , , , ,12/21/2005,1200, , , , ,155,,,
5490157,S & SE GRAND / W CENTRAL & SW BOULDER / GILPIN / CLEAR CREEK / SUMMIT / N & W PARK COUNTIES ABOVE 9000 FEET (ZONE), ,12/22/2005,1230,Avalanche, , ,1,0,0,0,CO,MST, ,1204961,Z,34,BOU,0,0,GOVT OFFICIAL, , , , , , , , ,12/22/2005,1230, , , , ,156,,,
5489373,WIND RIVER MOUNTAINS EAST (ZONE), ,12/27/2005,1100,Avalanche, , ,1,0,0,0,CO,MST, ,1203039,Z,15,RIW,0,0,NEWSPAPER, , , , , , , , ,12/27/2005,1100, , , , ,157,,,
5490156,S & E JACKSON / LARIMER / N & NE GRAND / NW BOULDER COUNTIES ABOVE 9000 FEET (ZONE), ,1/1/2006,1100,Avalanche, , ,2,0,0,0,CO,MST, ,1204960,Z,33,BOU,0,0,PARK/FOREST SERVICE, , , , , , , , ,1/1/2006,1100, , , , ,158,,,
5489374,TETON & GROS VENTRE MOUNTAINS (ZONE), ,1/5/2006,1320,Avalanche, , ,1,1,0,0,CO,MST, ,1203040,Z,12,RIW,0,0,LAW ENFORCEMENT, , , , , , , , ,1/5/2006,1320, , , , ,159,,,
5487676,WEST GLACIER REGION (ZONE), ,1/14/2006,1500,Avalanche, , ,2,0,0,0,CO,MST, ,1203402,Z,2,MSO,0,0,LAW ENFORCEMENT, , , , , , , , ,1/14/2006,1500, , , , ,160,,,
5482488,SOUTHWESTERN SAN JUAN MOUNTAINS (ZONE), ,1/20/2006,900,Avalanche, , ,0,0,0,0,CO,MST, ,1202410,Z,19,GJT,0,0,GOVT OFFICIAL, , , , , , , , ,1/20/2006,1300, , , , ,161,,,
5482487,NORTHWESTERN SAN JUAN MOUNTAINS (ZONE), ,1/20/2006,900,Avalanche, , ,0,0,0,0,CO,MST, ,1202410,Z,18,GJT,0,0,GOVT OFFICIAL, , , , , , , , ,1/20/2006,1300, , , , ,162,,,
5482489,NORTHWESTERN SAN JUAN MOUNTAINS (ZONE), ,1/26/2006,200,Avalanche, , ,0,0,0,0,CO,MST, ,1202411,Z,18,GJT,0,0,GOVT OFFICIAL, , , , , , , , ,1/26/2006,1200, , , , ,163,,,
5482490,SOUTHWESTERN SAN JUAN MOUNTAINS (ZONE), ,1/26/2006,200,Avalanche, , ,0,0,0,0,CO,MST, ,1202411,Z,19,GJT,0,0,GOVT OFFICIAL, , , , , , , , ,1/26/2006,1200, , , , ,164,,,
5482581,NORTHWESTERN SAN JUAN MOUNTAINS (ZONE), ,1/29/2006,1600,Avalanche, , ,0,0,0,0,CO,MST, ,1202412,Z,18,GJT,0,0,DEPT OF HIGHWAYS, , , , , , , , ,1/29/2006,1700, , , , ,165,,,
5489950,MONO (ZONE), ,2/1/2006,900,Avalanche, , ,1,1,0,0,CO,PST, ,1204485,Z,73,REV,0,0,GENERAL PUBLIC, , , , , , , , ,2/1/2006,900, , , , ,166,,,
5487527,NORTHWESTERN SAN JUAN MOUNTAINS (ZONE), ,2/2/2006,1330,Avalanche, , ,0,0,0,0,CO,MST, ,1203388,Z,18,GJT,0,0,GOVT OFFICIAL, , , , , , , , ,2/2/2006,1750, , , , ,167,,,
5487528,SOUTHWESTERN SAN JUAN MOUNTAINS (ZONE), ,2/2/2006,1330,Avalanche, , ,0,0,0,0,CO,MST, ,1203388,Z,19,GJT,0,0,GOVT OFFICIAL, , , , , , , , ,2/2/2006,1750, , , , ,168,,,
5487117,NERN P.W. SND (ZONE), ,2/5/2006,500,Avalanche, , ,0,0,0,0,CO,AST, ,1203362,Z,131,AFC,0,0,DEPT OF HIGHWAYS, , , , , , , , ,2/5/2006,500, , , , ,169,,,
5487116,WRN P.W. SND & KENAI MTNS (ZONE), ,2/9/2006,1200,Avalanche, , ,0,0,0,0,CO,AST, ,1203361,Z,125,AFC,0,0,DEPT OF HIGHWAYS, , , , , , , , ,2/9/2006,1200, , , , ,170,,,
5487106,WRN P.W. SND & KENAI MTNS (ZONE), ,2/9/2006,1200,Avalanche, , ,0,0,0,0,CO,AST, ,1203357,Z,125,AFC,0,0,DEPT OF HIGHWAYS, , , , , , , , ,2/9/2006,1500, , , , ,171,,,
5492879,KUSKOKWIM VALLEY (ZONE), ,2/14/2006,1200,Avalanche, , ,1,0,0,0,CO,AST, ,1204274,Z,151,AFC,0,0,FIRE DEPT/RESCUE SQUAD, , , , , , , , ,2/14/2006,1800, , , , ,172,,,
5495886,UPPER YAMPA RIVER BASIN (ZONE), ,2/27/2006,1200,Avalanche, , ,0,0,0,0,CO,MST, ,1205205,Z,5,GJT,0,0,NEWSPAPER, , , , , , , , ,2/27/2006,1201, , , , ,173,,,
5487560,NORTHWESTERN SAN JUAN MOUNTAINS (ZONE), ,2/28/2006,1429,Avalanche, , ,0,0,0,0,CO,MST, ,1203392,Z,18,GJT,0,0,GOVT OFFICIAL, , , , , , , , ,2/28/2006,1430, , , , ,174,,,
5487121,MATANUSKA VALLEY (ZONE), ,2/28/2006,1500,Avalanche, , ,0,1,0,0,CO,AST, ,1203366,Z,111,AFC,0,0,BROADCAST MEDIA, , , , , , , , ,2/28/2006,1530, , , , ,175,,,
5494796,UPPER YAMPA RIVER BASIN (ZONE), ,3/6/2006,1202,Avalanche, , ,0,0,0,0,CO,MST, ,1205157,Z,5,GJT,0,0,NEWSPAPER, , , , , , , , ,3/6/2006,1202, , , , ,176,,,
5495880,NORTHWESTERN SAN JUAN MOUNTAINS (ZONE), ,3/10/2006,1045,Avalanche, , ,0,0,0,0,CO,MST, ,1205202,Z,18,GJT,0,0,GOVT OFFICIAL, , , , , , , , ,3/10/2006,1235, , , , ,177,,,
5495881,SOUTHWESTERN SAN JUAN MOUNTAINS (ZONE), ,3/10/2006,1045,Avalanche, , ,0,0,0,0,CO,MST, ,1205202,Z,19,GJT,0,0,GOVT OFFICIAL, , , , , , , , ,3/10/2006,1235, , , , ,178,,,
5493371,RICH/CACHE T NW/P E C WEBER/MOST OF MORGAN/NW SUMMIT/NE SALT LAKE/X NE BOX ELDER (ZONE), ,3/11/2006,1500,Avalanche, , ,1,0,0,0,CO,MST, ,1206171,Z,7,SLC,0,0,BROADCAST MEDIA, , , , , , , , ,3/11/2006,1500, , , , ,179,,,
5495883,SOUTHWESTERN SAN JUAN MOUNTAINS (ZONE), ,3/12/2006,735,Avalanche, , ,0,0,0,0,CO,MST, ,1205203,Z,19,GJT,0,0,GOVT OFFICIAL, , , , , , , , ,3/12/2006,1345, , , , ,180,,,
5495882,NORTHWESTERN SAN JUAN MOUNTAINS (ZONE), ,3/12/2006,735,Avalanche, , ,0,0,0,0,CO,MST, ,1205203,Z,18,GJT,0,0,GOVT OFFICIAL, , , , , , , , ,3/12/2006,1345, , , , ,181,,,
5495884,NORTHWESTERN SAN JUAN MOUNTAINS (ZONE), ,3/14/2006,1040,Avalanche, , ,0,0,0,0,CO,MST, ,1205204,Z,18,GJT,0,0,GOVT OFFICIAL, , , , , , , , ,3/14/2006,1640, , , , ,182,,,
5495885,SOUTHWESTERN SAN JUAN MOUNTAINS (ZONE), ,3/14/2006,1040,Avalanche, , ,0,0,0,0,CO,MST, ,1205204,Z,19,GJT,0,0,GOVT OFFICIAL, , , , , , , , ,3/14/2006,1640, , , , ,183,,,
5495878,NORTHWESTERN SAN JUAN MOUNTAINS (ZONE), ,3/18/2006,1200,Avalanche, , ,0,0,0,0,CO,MST, ,1205201,Z,18,GJT,0,0,GOVT OFFICIAL, , , , , , , , ,3/18/2006,1600, , , , ,184,,,
5495879,SOUTHWESTERN SAN JUAN MOUNTAINS (ZONE), ,3/18/2006,1200,Avalanche, , ,0,0,0,0,CO,MST, ,1205201,Z,19,GJT,0,0,GOVT OFFICIAL, , , , , , , , ,3/18/2006,1600, , , , ,185,,,
5493887,EAST SLOPES NORTHERN CASCADES (ZONE), ,3/19/2006,1330,Avalanche, , ,1,1,0,0,CO,PST, ,1205631,Z,42,OTX,0,0,NEWSPAPER, , , , , , , , ,3/19/2006,1330, , , , ,186,,,
5495815,SOUTHWESTERN SAN JUAN MOUNTAINS (ZONE), ,3/20/2006,930,Avalanche, , ,0,0,0,0,CO,MST, ,1205200,Z,19,GJT,0,0,GOVT OFFICIAL, , , , , , , , ,3/20/2006,935, , , , ,187,,,
5495814,SOUTHWESTERN SAN JUAN MOUNTAINS (ZONE), ,3/23/2006,1330,Avalanche, , ,0,0,0,0,CO,MST, ,1205199,Z,19,GJT,0,0,GOVT OFFICIAL, , , , , , , , ,3/23/2006,1400, , , , ,188,,,
5495809,NORTHWESTERN SAN JUAN MOUNTAINS (ZONE), ,3/29/2006,330,Avalanche, , ,0,0,0,0,CO,MST, ,1205196,Z,18,GJT,0,0,GOVT OFFICIAL, , , , , , , , ,3/29/2006,530, , , , ,189,,,
5495810,SOUTHWESTERN SAN JUAN MOUNTAINS (ZONE), ,3/29/2006,330,Avalanche, , ,0,0,0,0,CO,MST, ,1205196,Z,19,GJT,0,0,GOVT OFFICIAL, , , , , , , , ,3/29/2006,530, , , , ,190,,,
5495811,NORTHWESTERN SAN JUAN MOUNTAINS (ZONE), ,3/30/2006,908,Avalanche, , ,0,0,0,0,CO,MST, ,1205197,Z,18,GJT,0,0,GOVT OFFICIAL, , , , , , , , ,3/30/2006,1400, , , , ,191,,,
5495812,SOUTHWESTERN SAN JUAN MOUNTAINS (ZONE), ,3/30/2006,908,Avalanche, , ,0,0,0,0,CO,MST, ,1205197,Z,19,GJT,0,0,GOVT OFFICIAL, , , , , , , , ,3/30/2006,1400, , , , ,192,,,
5495813,SOUTHWESTERN SAN JUAN MOUNTAINS (ZONE), ,3/30/2006,940,Avalanche, , ,0,0,0,0,CO,MST, ,1205198,Z,19,GJT,0,0,GOVT OFFICIAL, , , , , , , , ,3/30/2006,1625, , , , ,193,,,
5503629,UPPER SNAKE HIGHLANDS (ZONE), ,4/2/2006,1000,Avalanche, , ,1,0,0,0,CO,MST, ,1208226,Z,19,PIH,0,0,NEWSPAPER, , , , , , , , ,4/2/2006,1200, , , , ,194,,,
5503121,SOUTHWESTERN SAN JUAN MOUNTAINS (ZONE), ,4/6/2006,1530,Avalanche, , ,0,0,0,0,CO,MST, ,1209116,Z,19,GJT,0,0,GOVT OFFICIAL, , , , , , , , ,4/7/2006,1205, , , , ,195,,,
5503120,NORTHWESTERN SAN JUAN MOUNTAINS (ZONE), ,4/6/2006,1530,Avalanche, , ,0,0,0,0,ID,MST, ,1209116,Z,18,GJT,0,0,GOVT OFFICIAL, , , , , , , , ,4/7/2006,1205, , , , ,196,,,
5497421,WEST SLOPES NORTHERN CASCADES AND PASSES (ZONE), ,4/18/2006,730,Avalanche, , ,1,0,0,0,ID,PST, ,1206720,Z,518,SEW,0,0,LAW ENFORCEMENT, , , , , , , , ,4/18/2006,730, , , , ,197,,,
5505392,S & SE GRAND / W CENTRAL & SW BOULDER / GILPIN / CLEAR CREEK / SUMMIT / N & W PARK COUNTIES ABOVE 9000 FEET (ZONE), ,5/14/2006,1400,Avalanche, , ,0,1,0,0,ID,MST, ,1209918,Z,34,BOU,0,0,BROADCAST MEDIA, , , , , , , , ,5/14/2006,1400, , , , ,198,,,
3524,NORTHWESTERN SAN JUAN MOUNTAINS (ZONE), ,12/12/2006,815,Avalanche, , ,0,0,0,0,ID,MST-7, ,798,Z,18,GJT,0,0,Department of Highways, , , , , , , , ,12/12/2006,952, , , , ,199,,,
2077,SALT RIVER & WYOMING RANGES (ZONE), ,12/16/2006,1505,Avalanche, , ,1,1,0,0,ID,MST-7, ,519,Z,24,RIW,0,0,Newspaper, , , , , , , , ,12/16/2006,1506, , , , ,200,,,
3526,NORTHWESTERN SAN JUAN MOUNTAINS (ZONE), ,12/18/2006,1325,Avalanche, , ,0,0,0,0,ID,MST-7, ,799,Z,18,GJT,0,0,Department of Highways, , , , , , , , ,12/18/2006,1415, , , , ,201,,,
3527,NORTHWESTERN SAN JUAN MOUNTAINS (ZONE), ,12/20/2006,1515,Avalanche, , ,0,0,0,0,ID,MST-7, ,800,Z,18,GJT,0,0,Department of Highways, , , , , , , , ,12/21/2006,1400, , , , ,202,,,
3510,GORE AND ELK MOUNTAINS/CENTRAL MOUNTAIN VALLEYS (ZONE), ,12/21/2006,1310,Avalanche, , ,1,0,0,0,ID,MST-7, ,796,Z,10,GJT,0,0,Newspaper, , , , , , , , ,12/21/2006,1311, , , , ,203,,,
4460,TETON & GROS VENTRE MOUNTAINS (ZONE), ,1/5/2007,1227,Avalanche, , ,0,0,0,0,ID,MST-7, ,1049,Z,12,RIW,0,1,Newspaper, , , , , , , , ,1/5/2007,1227, , , , ,204,,,
4248,S & SE GRAND / W CENTRAL & SW BOULDER / GILPIN / CLEAR CREEK / SUMMIT / N & W PARK COUNTIES ABOVE 9000 FEET (ZONE), ,1/6/2007,1030,Avalanche, , ,0,1,0,0,ID,MST-7, ,1017,Z,34,BOU,0,0,Broadcast Media, , , , , , , , ,1/6/2007,1030, , , , ,205,,,
10948,NORTHWESTERN SAN JUAN MOUNTAINS (ZONE), ,1/12/2007,1400,Avalanche, , ,0,0,0,0,ID,MST-7, ,2248,Z,18,GJT,0,0,Department of Highways, , , , , , , , ,1/14/2007,1200, , , , ,206,,,
20312,NORTHWESTERN SAN JUAN MOUNTAINS (ZONE), ,2/1/2007,1750,Avalanche, , ,0,0,0,0,ID,MST-7, ,3661,Z,18,GJT,0,0,Department of Highways, , , , , , , , ,2/2/2007,1135, , , , ,207,,,
13968,GREATER LAKE TAHOE AREA (ZONE), ,2/12/2007,1000,Avalanche, , ,0,1,0,0,ID,PST-8, ,2714,Z,2,REV,0,0,Newspaper, , , , , , , , ,2/12/2007,1000, , , , ,208,,,
13974,CARIBOU HIGHLANDS (ZONE), ,2/17/2007,1300,Avalanche, , ,1,0,0,0,ID,MST-7, ,2716,Z,23,PIH,0,0,Park/Forest Service, , , , , , , , ,2/17/2007,1500, , , , ,209,,,
13808,WASATCH PLATEAU/BOOK CLIFFS (ZONE), ,2/17/2007,1620,Avalanche, , ,1,0,0,0,ID,MST-7, ,2675,Z,10,SLC,0,0,Park/Forest Service, , , , , , , , ,2/17/2007,1625, , , , ,210,,,
13809,CENTRAL AND SOUTHWEST MOUNTAINS (ZONE), ,2/17/2007,1630,Avalanche, , ,1,0,0,0,ID,MST-7, ,2675,Z,17,SLC,0,0,Park/Forest Service, , , , , , , , ,2/17/2007,1640, , , , ,211,,,
13810,WASATCH MOUNTAINS I80 NORTH (ZONE), ,2/18/2007,1500,Avalanche, , ,1,0,0,0,ID,MST-7, ,2675,Z,7,SLC,0,0,Park/Forest Service, , , , , , , , ,2/18/2007,1505, , , , ,212,,,
15300,WASATCH MOUNTAINS SOUTH OF I80 (ZONE), ,2/21/2007,1400,Avalanche, , ,1,0,0,0,ID,MST-7, ,2928,Z,8,SLC,0,0,Park/Forest Service, , , , , , , , ,2/21/2007,1410, , , , ,213,,,
15935,WEST SLOPES CENTRAL CASCADES AND PASSES (ZONE), ,2/24/2007,1445,Avalanche, , ,1,0,0,0,MT,PST-8, ,3017,Z,519,SEW,0,0,Newspaper, , , , , , , , ,2/24/2007,1445, , , , ,214,,,
10796,TETON & GROS VENTRE MOUNTAINS (ZONE), ,2/25/2007,1430,Avalanche, , ,0,1,0,0,MT,MST-7, ,2233,Z,12,RIW,0,0,Newspaper, , , , , , , , ,2/25/2007,1431, , , , ,215,,,
20185,S & SE GRAND / W CENTRAL & SW BOULDER / GILPIN / CLEAR CREEK / SUMMIT / N & W PARK COUNTIES ABOVE 9000 FEET (ZONE), ,3/4/2007,1300,Avalanche, , ,0,0,0,0,MT,MST-7, ,3642,Z,34,BOU,0,0,Broadcast Media, , , , , , , , ,3/4/2007,1300, , , , ,216,,,
17627,TETON & GROS VENTRE MOUNTAINS (ZONE), ,3/10/2007,1700,Avalanche, , ,1,1,0,0,MT,MST-7, ,3208,Z,12,RIW,0,0,Newspaper, , , , , , , , ,3/10/2007,1700, , , , ,217,,,
23071,SOUTHWESTERN SAN JUAN MOUNTAINS (ZONE), ,3/13/2007,455,Avalanche, , ,0,0,1000,0,MT,MST-7, ,4104,Z,19,GJT,0,0,Department of Highways, , , , , , , , ,3/13/2007,545, , , , ,218,,,
22991,GORE AND ELK MOUNTAINS/CENTRAL MOUNTAIN VALLEYS (ZONE), ,3/13/2007,1350,Avalanche, , ,2,0,1000,0,MT,MST-7, ,4104,Z,10,GJT,0,0,Park/Forest Service, , , , , , , , ,3/13/2007,1355, , , , ,219,,,
67954,WEST SLOPES CENTRAL CASCADES AND PASSES (ZONE), ,12/1/2007,1800,Avalanche, , ,3,0,0,0,MT,PST-8, ,12384,Z,519,SEW,0,0,Newspaper, , , , , , , , ,12/2/2007,1600, , , , ,220,,,
63586,SALT RIVER & WYOMING RANGES (ZONE), ,12/2/2007,1300,Avalanche, , ,0,1,0,0,MT,MST-7, ,11553,Z,24,RIW,0,0,Newspaper, , , , , , , , ,12/2/2007,1301, , , , ,221,,,
61777,S & E JACKSON / LARIMER / N & NE GRAND / NW BOULDER COUNTIES ABOVE 9000 FEET (ZONE), ,12/2/2007,1430,Avalanche, , ,0,0,0,0,MT,MST-7, ,11227,Z,33,BOU,0,0,Broadcast Media, , , , , , , , ,12/2/2007,1430, , , , ,222,,,
67953,WEST SLOPES CENTRAL CASCADES AND PASSES (ZONE), ,12/2/2007,1500,Avalanche, , ,2,1,0,0,MT,PST-8, ,12384,Z,519,SEW,0,0,Newspaper, , , , , , , , ,12/2/2007,1600, , , , ,223,,,
67955,WEST SLOPES CENTRAL CASCADES AND PASSES (ZONE), ,12/18/2007,1200,Avalanche, , ,1,0,0,0,NV,PST-8, ,12385,Z,519,SEW,0,0,Newspaper, , , , , , , , ,12/18/2007,1800, , , , ,224,,,
69362,WASATCH MOUNTAINS I-80 NORTH (ZONE), ,12/23/2007,1115,Avalanche, , ,1,3,0,0,NV,MST-7, ,12460,Z,7,SLC,0,0,Broadcast Media, , , , , , , , ,12/23/2007,1115, , , , ,225,,,
69491,WESTERN UINTA MOUNTAINS (ZONE), ,12/25/2007,1530,Avalanche, , ,1,0,0,0,NV,MST-7, ,12654,Z,9,SLC,0,0,Broadcast Media, , , , , , , , ,12/25/2007,1530, , , , ,226,,,
65758,GRAND & SUMMIT COUNTIES BELOW 9000 FEET (ZONE), ,12/31/2007,1030,Avalanche, , ,0,1,0,0,NY,MST-7, ,12013,Z,32,BOU,0,0,Broadcast Media, , , , , , , , ,12/31/2007,1030, , , , ,227,,,
69700,WESTERN UINTA MOUNTAINS (ZONE), ,12/31/2007,1500,Avalanche, , ,1,2,0,0,OR,MST-7, ,12688,Z,9,SLC,0,0,Broadcast Media, , , , , , , , ,12/31/2007,1500, , , , ,228,,,
74955,WEST SLOPES NORTHERN CASCADES AND PASSES (ZONE), ,1/1/2008,1300,Avalanche, , ,2,0,0,0,OR,PST-8, ,13447,Z,518,SEW,0,0,Newspaper, , , , , , , , ,1/1/2008,1300, , , , ,229,,,
65423,SNOWY RANGE (ZONE), ,1/2/2008,1411,Avalanche, , ,1,0,0,0,OR,MST-7, ,11937,Z,63,CYS,0,0,Law Enforcement, , , , , , , , ,1/2/2008,1411, , , , ,230,,,
125867,GORE AND ELK MOUNTAINS/CENTRAL MOUNTAIN VALLEYS (ZONE), ,1/4/2008,1130,Avalanche, , ,1,0,0,0,OR,MST-7, ,21276,Z,10,GJT,0,0,Newspaper, , , , , , , , ,1/4/2008,1143, , , , ,231,,,
74999,WEST SLOPES NORTHERN CASCADES AND PASSES (ZONE), ,1/4/2008,1430,Avalanche, , ,1,0,0,0,OR,PST-8, ,13448,Z,518,SEW,0,0,Newspaper, , , , , , , , ,1/4/2008,1430, , , , ,232,,,
78864,BIG AND LITTLE WOOD RIVER REGION (ZONE), ,1/5/2008,1100,Avalanche, , ,0,0,10000,0,OR,MST-7, ,14008,Z,31,PIH,0,0,Law Enforcement, , , , , , , , ,1/5/2008,1700, , , , ,233,,,
78773,NORTH OREGON CASCADES (ZONE), ,1/8/2008,715,Avalanche, , ,0,0,0,0,STATE_ABBR,PST-8, ,13719,Z,11,PQR,0,0,Newspaper, , , , , , , , ,1/9/2008,1215, , , , ,234,,,
67846,SOUTH CENTRAL OREGON CASCADES (ZONE), ,1/8/2008,1100,Avalanche, , ,0,0,0,0,UT,PST-8, ,12342,Z,27,MFR,0,0,Park/Forest Service, , , , , , , , ,1/8/2008,1100, , , , ,235,,,
76488,NORTHERN SANGRE DE CRISTO MOUNTAINS ABOVE 11000 FT (ZONE), ,1/10/2008,1100,Avalanche, , ,1,0,0,0,UT,MST-7, ,13657,Z,73,PUB,0,0,Fire Department/Rescue, , , , , , , , ,1/10/2008,1100, , , , ,236,,,
65482,SALT RIVER & WYOMING RANGES (ZONE), ,1/12/2008,1330,Avalanche, , ,3,0,0,0,UT,MST-7, ,11953,Z,24,RIW,0,0,Newspaper, , , , , , , , ,1/12/2008,1330, , , , ,237,,,
65679,TETON & GROS VENTRE MOUNTAINS (ZONE), ,1/12/2008,1620,Avalanche, , ,0,0,0,0,UT,MST-7, ,11992,Z,12,RIW,0,0,Newspaper, , , , , , , , ,1/12/2008,1620, , , , ,238,,,
66210,WEST GLACIER REGION (ZONE), ,1/13/2008,1230,Avalanche, , ,2,1,0,0,UT,MST-7, ,12111,Z,2,MSO,0,0,Law Enforcement, , , , , , , , ,1/13/2008,1300, , , , ,239,,,
77834,LOS ANGELES COUNTY MOUNTAINS EXCLUDING THE SANTA MONICA RANGE (ZONE), ,1/25/2008,1205,Avalanche, , ,3,3,0,0,UT,PST-8, ,13869,Z,54,LOX,0,0,Newspaper, , , , , , , , ,1/25/2008,1400, , , , ,240,,,
72349,EAST SLOPES OF THE CENTRAL CASCADES (ZONE), ,1/26/2008,1200,Avalanche, , ,0,0,0,0,UT,PST-8, ,13070,Z,501,PDT,0,0,Newspaper, , , , , , , , ,1/31/2008,2359, , , , ,241,,,
68017,TETON & GROS VENTRE MOUNTAINS (ZONE), ,1/28/2008,930,Avalanche, , ,0,0,0,0,UT,MST-7, ,12428,Z,12,RIW,0,0,Newspaper, , , , , , , , ,1/28/2008,1855, , , , ,242,,,
74695,SOUTHERN CLEARWATER MOUNTAINS (ZONE), ,1/31/2008,1530,Avalanche, , ,0,0,0,0,UT,PST-8, ,12522,Z,6,MSO,0,0,Department of Highways, , , , , , , , ,1/31/2008,1730, , , , ,243,,,
72350,EAST SLOPES OF THE CENTRAL CASCADES (ZONE), ,2/1/2008,0,Avalanche, , ,0,0,0,0,UT,PST-8, ,13071,Z,501,PDT,0,0,Newspaper, , , , , , , , ,2/2/2008,1800, , , , ,244,,,
74705,SOUTHERN CLEARWATER MOUNTAINS (ZONE), ,2/1/2008,700,Avalanche, , ,0,0,0,0,UT,PST-8, ,12542,Z,6,MSO,0,0,Department of Highways, , , , , , , , ,2/1/2008,700, , , , ,245,,,
116742,FLATTOP MOUNTAINS (ZONE), ,2/1/2008,1200,Avalanche, , ,1,0,1000,0,UT,MST-7, ,19678,Z,13,GJT,0,0,Newspaper, , , , , , , , ,2/1/2008,1201, , , , ,246,,,
74176,OROFINO / GRANGEVILLE REGION (ZONE), ,2/5/2008,1900,Avalanche, , ,0,0,0,0,UT,PST-8, ,12562,Z,7,MSO,0,0,Newspaper, , , , , , , , ,2/6/2008,1240, , , , ,247,,,
81413,EAST SLOPES NORTHERN CASCADES (ZONE), ,2/7/2008,1615,Avalanche, , ,0,0,1100000,0,UT,PST-8, ,14211,Z,42,OTX,0,0,Newspaper, , , , , , , , ,2/7/2008,1615, , , , ,248,,,
74708,SOUTHERN CLEARWATER MOUNTAINS (ZONE), ,2/10/2008,1500,Avalanche, , ,0,0,0,0,UT,PST-8, ,13425,Z,6,MSO,0,0,Department of Highways, , , , , , , , ,2/10/2008,1500, , , , ,249,,,
75035,CASPER MOUNTAIN (ZONE), ,2/23/2008,900,Avalanche, , ,0,2,0,0,UT,MST-7, ,13459,Z,22,RIW,0,0,Newspaper, , , , , , , , ,2/23/2008,900, , , , ,250,,,
79723,NERN P.W. SND (ZONE), ,4/7/2008,1200,Avalanche, , ,1,0,0,0,UT,AKST-9, ,14198,Z,131,AFC,0,0,Newspaper, , , , , , , , ,4/7/2008,1201, , , , ,251,,,
109437,NORTHWESTERN SAN JUAN MOUNTAINS (ZONE), ,4/10/2008,1510,Avalanche, , ,0,0,0,0,UT,MST-7, ,18648,Z,18,GJT,0,0,State Official, , , , , , , , ,4/12/2008,1600, , , , ,252,,,
139593,S & SE GRAND / W CENTRAL & SW BOULDER / GILPIN / CLEAR CREEK / SUMMIT / N & W PARK COUNTIES ABOVE 9000 FEET (ZONE), ,12/5/2008,1100,Avalanche, , ,0,1,0,0,UT,MST-7, ,23523,Z,34,BOU,0,0,Broadcast Media, , , , , , , , ,12/5/2008,1100, , , , ,253,,,
139602,S & SE GRAND / W CENTRAL & SW BOULDER / GILPIN / CLEAR CREEK / SUMMIT / N & W PARK COUNTIES ABOVE 9000 FEET (ZONE), ,12/6/2008,1330,Avalanche, , ,0,0,0,0,UT,MST-7, ,23524,Z,34,BOU,0,0,Broadcast Media, , , , , , , , ,12/6/2008,1330, , , , ,254,,,
146884,GORE AND ELK MOUNTAINS/CENTRAL MOUNTAIN VALLEYS (ZONE), ,12/14/2008,1200,Avalanche, , ,0,0,0,0,UT,MST-7, ,25147,Z,10,GJT,0,0,Newspaper, , , , , , , , ,12/14/2008,1202, , , , ,255,,,
146885,NORTHWESTERN SAN JUAN MOUNTAINS (ZONE), ,12/14/2008,1200,Avalanche, , ,0,0,0,0,UT,MST-7, ,25147,Z,18,GJT,0,0,Park/Forest Service, , , , , , , , ,12/14/2008,1202, , , , ,256,,,
147054,WASATCH MOUNTAINS SOUTH OF I-80 (ZONE), ,12/14/2008,1224,Avalanche, , ,1,0,0,0,UT,MST-7, ,25215,Z,8,SLC,0,0,State Official, , , , , , , , ,12/14/2008,1224, , , , ,257,,,
146574,GORE AND ELK MOUNTAINS/CENTRAL MOUNTAIN VALLEYS (ZONE), ,12/14/2008,1430,Avalanche, , ,1,0,0,0,UT,MST-7, ,25147,Z,10,GJT,0,0,Newspaper, , , , , , , , ,12/14/2008,1432, , , , ,258,,,
146272,MONO (ZONE), ,12/16/2008,1305,Avalanche, , ,0,1,0,0,UT,PST-8, ,25090,Z,73,REV,0,0,Newspaper, , , , , , , , ,12/16/2008,1310, , , , ,259,,,
146882,WEST ELK AND SAWATCH MOUNTAINS (ZONE), ,12/17/2008,1400,Avalanche, , ,1,0,0,0,UT,MST-7, ,25184,Z,12,GJT,0,0,Newspaper, , , , , , , , ,12/17/2008,1402, , , , ,260,,,
147801,WASATCH MOUNTAINS I-80 NORTH (ZONE), ,12/24/2008,1030,Avalanche, , ,2,0,0,0,UT,MST-7, ,25363,Z,7,SLC,0,0,State Official, , , , , , , , ,12/24/2008,1030, , , , ,261,,,
146289,GREATER LAKE TAHOE AREA (ZONE), ,12/25/2008,1030,Avalanche, , ,1,0,0,0,UT,PST-8, ,25098,Z,72,REV,0,0,Newspaper, , , , , , , , ,12/25/2008,1035, , , , ,262,,,
139502,NERN P.W. SND (ZONE), ,12/26/2008,500,Avalanche, , ,0,0,0,0,UT,AKST-9, ,23933,Z,131,AFC,0,0,Department of Highways, , , , , , , , ,12/27/2008,500, , , , ,263,,,
146179,S & E JACKSON / LARIMER / N & NE GRAND / NW BOULDER COUNTIES ABOVE 9000 FEET (ZONE), ,12/26/2008,1440,Avalanche, , ,2,0,0,0,UT,MST-7, ,25069,Z,33,BOU,0,0,Newspaper, , , , , , , , ,12/26/2008,1440, , , , ,264,,,
142065,TETON & GROS VENTRE MOUNTAINS (ZONE), ,12/27/2008,1325,Avalanche, , ,1,0,0,0,UT,MST-7, ,24423,Z,12,RIW,0,0,Park/Forest Service, , , , , , , , ,12/27/2008,1325, , , , ,265,,,
173711,ANIMAS RIVER BASIN (ZONE), ,12/28/2008,1400,Avalanche, , ,0,1,0,0,UT,MST-7, ,29626,Z,22,GJT,0,0,Newspaper, , , , , , , , ,12/28/2008,1401, , , , ,266,,,
142154,TETON & GROS VENTRE MOUNTAINS (ZONE), ,12/28/2008,2200,Avalanche, , ,0,0,0,0,UT,MST-7, ,24443,Z,12,RIW,0,0,Department of Highways, , , , , , , , ,12/28/2008,2200, , , , ,267,,,
142066,TETON & GROS VENTRE MOUNTAINS (ZONE), ,12/29/2008,926,Avalanche, , ,0,5,15000,0,UT,MST-7, ,24424,Z,12,RIW,0,0,Newspaper, , , , , , , , ,12/29/2008,926, , , , ,268,,,
146883,GORE AND ELK MOUNTAINS/CENTRAL MOUNTAIN VALLEYS (ZONE), ,12/29/2008,1200,Avalanche, , ,0,1,0,0,UT,MST-7, ,25185,Z,10,GJT,0,0,Newspaper, , , , , , , , ,12/29/2008,1202, , , , ,269,,,
142155,TETON & GROS VENTRE MOUNTAINS (ZONE), ,12/30/2008,800,Avalanche, , ,0,0,0,0,UT,MST-7, ,24444,Z,12,RIW,0,0,Department of Highways, , , , , , , , ,12/30/2008,800, , , , ,270,,,
147850,WESTERN UINTA MOUNTAINS (ZONE), ,12/30/2008,1600,Avalanche, , ,1,0,0,0,UT,MST-7, ,25365,Z,9,SLC,0,0,State Official, , , , , , , , ,12/30/2008,1600, , , , ,271,,,
142215,ABSAROKA MOUNTAINS (ZONE), ,1/2/2009,1500,Avalanche, , ,1,0,0,0,UT,MST-7, ,24460,Z,2,RIW,0,0,Newspaper, , , , , , , , ,1/2/2009,1500, , , , ,272,,,
150033,EAST SLOPES OF THE CENTRAL CASCADES (ZONE), ,1/7/2009,1140,Avalanche, , ,0,0,1000000,0,UT,PST-8, ,24343,Z,501,PDT,0,0,Newspaper, , , , , , , , ,1/7/2009,1141, , , , ,273,,,
147013,GORE AND ELK MOUNTAINS/CENTRAL MOUNTAIN VALLEYS (ZONE), ,1/16/2009,1215,Avalanche, , ,0,0,500,0,UT,MST-7, ,25206,Z,10,GJT,0,0,Park/Forest Service, , , , , , , , ,1/16/2009,1215, , , , ,274,,,
173717,NORTHWESTERN SAN JUAN MOUNTAINS (ZONE), ,1/26/2009,1200,Avalanche, , ,0,0,0,0,UT,MST-7, ,29629,Z,18,GJT,0,0,Department of Highways, , , , , , , , ,1/26/2009,1205, , , , ,275,,,
170843,NORTHWESTERN SAN JUAN MOUNTAINS (ZONE), ,1/29/2009,1315,Avalanche, , ,0,1,500,0,UT,MST-7, ,29125,Z,18,GJT,0,0,Newspaper, , , , , , , , ,1/29/2009,1316, , , , ,276,,,
153655,SAN BERNARDINO COUNTY MOUNTAINS (ZONE), ,2/9/2009,1200,Avalanche, , ,0,0,0,0,WA,PST-8, ,26251,Z,55,SGX,0,0,Newspaper, , , , , , , , ,2/9/2009,1300, , , , ,277,,,
148721,TETON & GROS VENTRE MOUNTAINS (ZONE), ,2/27/2009,1230,Avalanche, , ,3,0,0,0,WA,MST-7, ,25489,Z,12,RIW,0,0,Newspaper, , , , , , , , ,2/27/2009,1230, , , , ,278,,,
160203,GREATER LAKE TAHOE AREA (ZONE), ,3/3/2009,800,Avalanche, , ,1,0,0,0,WA,PST-8, ,27306,Z,72,REV,0,0,Newspaper, , , , , , , , ,3/3/2009,800, , , , ,279,,,
171755,WALLOWA COUNTY (ZONE), ,3/7/2009,1300,Avalanche, , ,1,2,0,0,WA,PST-8, ,29269,Z,50,PDT,0,0,Newspaper, , , , , , , , ,3/7/2009,1300, , , , ,280,,,
199686,CANYONLANDS / NATURAL BRIDGES (ZONE), ,12/7/2009,200,Avalanche, , ,0,0,0,0,WA,MST-7, ,34562,Z,29,GJT,0,0,Trained Spotter, , , , , , , , ,12/8/2009,800, , , , ,281,,,
201479,SOUTH CENTRAL OREGON CASCADES (ZONE), ,12/15/2009,600,Avalanche, , ,0,0,0,0,WA,PST-8, ,34934,Z,27,MFR,0,0,Public, , , , , , , , ,12/15/2009,1800, , , , ,282,,,
206493,WEST CENTRAL MOUNTAINS (ZONE), ,12/17/2009,1000,Avalanche, , ,1,0,0,0,WA,MST-7, ,35063,Z,11,BOI,0,0,Newspaper, , , , , , , , ,12/17/2009,1100, , , , ,283,,,
200978,CENTRAL OREGON (ZONE), ,1/2/2010,1430,Avalanche, , ,1,0,0,0,WA,PST-8, ,34849,Z,43,PDT,0,0,Law Enforcement, , , , , , , , ,1/2/2010,1430, , , , ,284,,,
221618,SOUTHWESTERN SAN JUAN MOUNTAINS (ZONE), ,1/3/2010,1000,Avalanche, , ,0,0,0,0,WA,MST-7, ,38110,Z,19,GJT,0,0,Department of Highways, , , , , , , , ,1/3/2010,1005, , , , ,285,,,
212908,ABSAROKEE / BEARTOOTH MOUNTAINS (ZONE), ,1/3/2010,1200,Avalanche, , ,0,0,0,0,WA,MST-7, ,36663,Z,67,BYZ,0,1,Newspaper, , , , , , , , ,1/3/2010,1300, , , , ,286,,,
201328,TETON & GROS VENTRE MOUNTAINS (ZONE), ,1/6/2010,826,Avalanche, , ,1,0,0,0,WA,MST-7, ,34908,Z,12,RIW,0,0,Newspaper, , , , , , , , ,1/6/2010,827, , , , ,287,,,
219097,GORE AND ELK MOUNTAINS/CENTRAL MOUNTAIN VALLEYS (ZONE), ,1/6/2010,1200,Avalanche, , ,1,0,0,0,WA,MST-7, ,37653,Z,10,GJT,0,0,Newspaper, , , , , , , , ,1/6/2010,1205, , , , ,288,,,
221630,SOUTHWESTERN SAN JUAN MOUNTAINS (ZONE), ,1/6/2010,1530,Avalanche, , ,0,0,0,0,WA,MST-7, ,38115,Z,19,GJT,0,0,Department of Highways, , , , , , , , ,1/6/2010,1535, , , , ,289,,,
219103,GORE AND ELK MOUNTAINS/CENTRAL MOUNTAIN VALLEYS (ZONE), ,1/7/2010,1400,Avalanche, , ,0,1,300,0,WA,MST-7, ,37655,Z,10,GJT,0,0,Newspaper, , , , , , , , ,1/7/2010,1405, , , , ,290,,,
221648,ELKHEAD AND PARK MOUNTAINS (ZONE), ,1/8/2010,1400,Avalanche, , ,0,0,0,0,WA,MST-7, ,38120,Z,4,GJT,0,0,Department of Highways, , , , , , , , ,1/8/2010,1405, , , , ,291,,,
210848,BIG AND LITTLE WOOD RIVER REGION (ZONE), ,1/22/2010,1420,Avalanche, , ,1,0,0,0,WA,MST-7, ,36387,Z,31,PIH,0,0,Newspaper, , , , , , , , ,1/22/2010,1450, , , , ,292,,,
219100,ANIMAS RIVER BASIN (ZONE), ,1/24/2010,1155,Avalanche, , ,0,0,200000,0,WA,MST-7, ,37654,Z,22,GJT,0,0,Emergency Manager, , , , , , , , ,1/24/2010,1200, , , , ,293,,,
210909,WASATCH MOUNTAINS I-80 NORTH (ZONE), ,1/24/2010,1300,Avalanche, , ,1,0,0,0,WA,MST-7, ,36394,Z,7,SLC,0,0,State Official, , , , , , , , ,1/24/2010,1300, , , , ,294,,,
221580,WEST ELK AND SAWATCH MOUNTAINS (ZONE), ,1/25/2010,1100,Avalanche, , ,0,0,0,0,WA,MST-7, ,38102,Z,12,GJT,0,0,Department of Highways, , , , , , , , ,1/25/2010,1105, , , , ,295,,,
219109,GORE AND ELK MOUNTAINS/CENTRAL MOUNTAIN VALLEYS (ZONE), ,1/27/2010,1000,Avalanche, , ,0,1,500,0,WA,MST-7, ,37656,Z,10,GJT,0,0,Department of Highways, , , , , , , , ,1/27/2010,1005, , , , ,296,,,
210910,WASATCH MOUNTAINS SOUTH OF I-80 (ZONE), ,1/27/2010,1350,Avalanche, , ,1,0,0,0,WA,MST-7, ,36395,Z,8,SLC,0,0,State Official, , , , , , , , ,1/27/2010,1350, , , , ,297,,,
210915,WASATCH MOUNTAINS I-80 NORTH (ZONE), ,1/29/2010,1400,Avalanche, , ,1,0,0,0,WA,MST-7, ,36396,Z,7,SLC,0,0,State Official, , , , , , , , ,1/29/2010,1400, , , , ,298,,,
209394,SALT RIVER & WYOMING RANGES (ZONE), ,2/6/2010,1530,Avalanche, , ,0,1,0,0,WA,MST-7, ,36110,Z,24,RIW,0,0,Newspaper, , , , , , , , ,2/6/2010,1530, , , , ,299,,,
205222,SALT RIVER & WYOMING RANGES (ZONE), ,2/6/2010,1625,Avalanche, , ,1,0,0,0,WA,MST-7, ,35499,Z,24,RIW,0,0,Newspaper, , , , , , , , ,2/6/2010,1625, , , , ,300,,,
219644,NORTHWESTERN SAN JUAN MOUNTAINS (ZONE), ,2/11/2010,1500,Avalanche, , ,1,1,0,0,WA,MST-7, ,37732,Z,18,GJT,0,0,Department of Highways, , , , , , , , ,2/11/2010,1505, , , , ,301,,,
206955,ABSAROKA MOUNTAINS (ZONE), ,2/13/2010,1545,Avalanche, , ,0,1,0,0,WA,MST-7, ,35772,Z,2,RIW,0,0,Newspaper, , , , , , , , ,2/13/2010,1545, , , , ,302,,,
219650,GORE AND ELK MOUNTAINS/CENTRAL MOUNTAIN VALLEYS (ZONE), ,2/14/2010,1420,Avalanche, , ,0,1,0,0,WY,MST-7, ,37733,Z,10,GJT,0,0,Department of Highways, , , , , , , , ,2/14/2010,1425, , , , ,303,,,
208054,TETON & GROS VENTRE MOUNTAINS (ZONE), ,2/21/2010,1100,Avalanche, , ,1,0,0,0,WY,MST-7, ,35924,Z,12,RIW,0,0,Newspaper, , , , , , , , ,2/21/2010,1100, , , , ,304,,,
219745,GORE AND ELK MOUNTAINS/CENTRAL MOUNTAIN VALLEYS (ZONE), ,2/23/2010,1600,Avalanche, , ,1,0,0,0,WY,MST-7, ,37753,Z,10,GJT,0,0,Department of Highways, , , , , , , , ,2/23/2010,1605, , , , ,305,,,
219746,GORE AND ELK MOUNTAINS/CENTRAL MOUNTAIN VALLEYS (ZONE), ,2/26/2010,1530,Avalanche, , ,0,1,0,0,WY,MST-7, ,37754,Z,10,GJT,0,0,Department of Highways, , , , , , , , ,2/26/2010,1535, , , , ,306,,,
223928,WEST SLOPES CENTRAL CASCADES AND PASSES (ZONE), ,2/28/2010,1605,Avalanche, , ,0,1,0,0,WY,PST-8, ,38601,Z,519,SEW,0,0,Park/Forest Service, , , , , , , , ,2/28/2010,1606, , , , ,307,,,
219870,FLATTOP MOUNTAINS (ZONE), ,3/7/2010,1400,Avalanche, , ,0,0,0,0,WY,MST-7, ,37773,Z,13,GJT,0,0,Department of Highways, , , , , , , , ,3/7/2010,1402, , , , ,308,,,
222686,WESTERN CHAFFEE COUNTY BETWEEN 9000 & 11000 FT (ZONE), ,3/12/2010,1215,Avalanche, , ,1,0,0,0,WY,MST-7, ,38352,Z,61,PUB,0,0,Newspaper, , , , , , , , ,3/12/2010,1216, , , , ,309,,,
220177,GRAND AND BATTLEMENT MESAS (ZONE), ,3/17/2010,1305,Avalanche, , ,0,1,500,0,WY,MST-7, ,37839,Z,9,GJT,0,0,Newspaper, , , , , , , , ,3/17/2010,1308, , , , ,310,,,
222685,UPPER RIO GRANDE VALLEY / EASTERN SAN JUAN MOUNTAINS BELOW 10000 FT (ZONE), ,3/19/2010,1200,Avalanche, , ,2,0,0,0,WY,MST-7, ,38351,Z,67,PUB,0,0,Newspaper, , , , , , , , ,3/19/2010,1201, , , , ,311,,,
220148,SOUTHWESTERN SAN JUAN MOUNTAINS (ZONE), ,3/21/2010,1300,Avalanche, , ,0,0,0,0,WY,MST-7, ,37816,Z,19,GJT,0,0,Department of Highways, , , , , , , , ,3/21/2010,1304, , , , ,312,,,
213984,CASPER MOUNTAIN (ZONE), ,3/30/2010,950,Avalanche, , ,0,1,0,0,WY,MST-7, ,36810,Z,22,RIW,0,0,Emergency Manager, , , , , , , , ,3/30/2010,950, , , , ,313,,,
220150,NORTHWESTERN SAN JUAN MOUNTAINS (ZONE), ,3/30/2010,1200,Avalanche, , ,1,0,500,0,WY,MST-7, ,37838,Z,18,GJT,0,0,Department of Highways, , , , , , , , ,3/30/2010,1203, , , , ,314,,,
219973,BOISE MOUNTAINS (ZONE), ,3/30/2010,1400,Avalanche, , ,2,0,0,0,WY,MST-7, ,37793,Z,13,BOI,0,0,Law Enforcement, , , , , , , , ,3/30/2010,1500, , , , ,315,,,
225857,WASATCH MOUNTAINS I-80 NORTH (ZONE), ,4/4/2010,1350,Avalanche, , ,1,0,0,0,WY,MST-7, ,38900,Z,7,SLC,0,0,State Official, , , , , , , , ,4/4/2010,1350, , , , ,316,,,
223828,WEST SLOPES CENTRAL CASCADES AND PASSES (ZONE), ,4/9/2010,1400,Avalanche, , ,0,1,0,0,WY,PST-8, ,38572,Z,519,SEW,0,0,Newspaper, , , , , , , , ,4/9/2010,1400, , , , ,317,,,
223827,WEST SLOPES CENTRAL CASCADES AND PASSES (ZONE), ,4/10/2010,1400,Avalanche, , ,0,1,0,0,WY,PST-8, ,38572,Z,519,SEW,0,0,Newspaper, , , , , , , , ,4/10/2010,1400, , , , ,318,,,
231061,NORTHWESTERN SAN JUAN MOUNTAINS (ZONE), ,4/13/2010,100,Avalanche, , ,0,0,0,0,WY,MST-7, ,39766,Z,18,GJT,0,0,Department of Highways, , , , , , , , ,4/13/2010,500, , , , ,319,,,
226665,GORE AND ELK MOUNTAINS/CENTRAL MOUNTAIN VALLEYS (ZONE), ,4/24/2010,1400,Avalanche, , ,0,1,0,0,WY,MST-7, ,39053,Z,10,GJT,0,0,Department of Highways, , , , , , , , ,4/24/2010,1430, , , , ,320,,,
232874,WEST ELK AND SAWATCH MOUNTAINS (ZONE), ,5/30/2010,900,Avalanche, , ,0,1,0,0,WY,MST-7, ,40035,Z,12,GJT,0,0,Department of Highways, , , , , , , , ,5/30/2010,1000, , , , ,321,,,
268191,S & SE GRAND / W CENTRAL & SW BOULDER / GILPIN / CLEAR CREEK / SUMMIT / N & W PARK COUNTIES ABOVE 9000 FEET (ZONE), ,11/16/2010,915,Avalanche, , ,0,1,0,0,WY,MST-7, ,46070,Z,34,BOU,0,0,State Official, , , , , , , , ,11/16/2010,915, , , , ,322,,,
268929,EASTERN SAN JUAN MOUNTAINS ABOVE 10000 FT (ZONE), ,11/22/2010,745,Avalanche, , ,1,0,0,0,WY,MST-7, ,46383,Z,68,PUB,0,0,Broadcast Media, , , , , , , , ,11/22/2010,745, , , , ,323,,,
267276,WESTERN UINTA MOUNTAINS (ZONE), ,11/26/2010,1430,Avalanche, , ,1,0,0,0,WY,MST-7, ,46084,Z,9,SLC,0,0,State Official, , , , , , , , ,11/26/2010,1430, , , , ,324,,,
297970,WEST SLOPES CENTRAL CASCADES AND PASSES (ZONE), ,12/4/2010,1200,Avalanche, , ,1,0,0,0,WY,PST-8, ,50562,Z,519,SEW,0,0,Park/Forest Service, , , , , , , , ,12/4/2010,1200, , , , ,325,,,
268372,S & SE GRAND / W CENTRAL & SW BOULDER / GILPIN / CLEAR CREEK / SUMMIT / N & W PARK COUNTIES ABOVE 9000 FEET (ZONE), ,12/5/2010,1130,Avalanche, , ,0,1,0,0,WY,MST-7, ,46265,Z,34,BOU,0,0,State Official, , , , , , , , ,12/5/2010,1130, , , , ,326,,,
265723,TETON & GROS VENTRE MOUNTAINS (ZONE), ,12/7/2010,1115,Avalanche, , ,0,1,0,0,WY,MST-7, ,45800,Z,12,RIW,0,0,Newspaper, , , , , , , , ,12/7/2010,1115, , , , ,327,,,
268376,S & SE GRAND / W CENTRAL & SW BOULDER / GILPIN / CLEAR CREEK / SUMMIT / N & W PARK COUNTIES ABOVE 9000 FEET (ZONE), ,12/12/2010,1145,Avalanche, , ,0,1,0,0,WY,MST-7, ,46267,Z,34,BOU,0,0,State Official, , , , , , , , ,12/12/2010,1145, , , , ,328,,,
279674,ROAN AND TAVAPUTS PLATEAUS (ZONE), ,12/19/2010,700,Avalanche, , ,0,0,0,0,WY,MST-7, ,47938,Z,3,GJT,0,0,Department of Highways, , , , , , , , ,12/23/2010,1500, , , , ,329,,,
265724,TETON & GROS VENTRE MOUNTAINS (ZONE), ,12/19/2010,1000,Avalanche, , ,0,1,0,0,WY,MST-7, ,45801,Z,12,RIW,0,0,Newspaper, , , , , , , , ,12/19/2010,1000, , , , ,330,,,
271456,SPRING MOUNTAINS (ZONE), ,12/23/2010,230,Avalanche, , ,0,0,0,0,WY,PST-8, ,46744,Z,19,VEF,0,0,Newspaper, , , , , , , , ,12/23/2010,330, , , , ,331,,,
272864,SOUTHERN CLEARWATER MOUNTAINS (ZONE), ,12/28/2010,1800,Avalanche, , ,0,0,0,0,WY,PST-8, ,46895,Z,6,MSO,0,0,Trained Spotter, , , , , , , , ,12/30/2010,800, , , , ,332,,,
272866,BITTERROOT / SAPPHIRE MOUNTAINS (ZONE), ,12/29/2010,1600,Avalanche, , ,1,1,0,0,WY,MST-7, ,46898,Z,6,MSO,0,0,Law Enforcement, , , , , , , , ,12/29/2010,2000, , , , ,333,,,
